filename,flowername,hue,brightness,saturation
image_0001.jpg,daffodil,50.0,0.3957504328168772,0.44284243820963515
image_0002.jpg,daffodil,43.0,0.35640844128100696,0.39374334143879935
image_0003.jpg,daffodil,56.0,0.5427704630310801,0.5565685524361296
image_0004.jpg,daffodil,337.0,0.7229929612352958,0.39055530181909054
image_0005.jpg,daffodil,50.0,0.4862402184060184,0.7677808859083344
image_0006.jpg,daffodil,48.0,0.39227316880527485,0.4823695471328515
image_0007.jpg,daffodil,46.0,0.45051929355080145,0.581672349434188
image_0008.jpg,daffodil,56.0,0.4526827448187041,0.5915328271949821
image_0009.jpg,daffodil,32.0,0.7151377637531762,0.4045461697753356
image_0010.jpg,daffodil,53.0,0.43929398419946614,0.4863541191175803
image_0011.jpg,daffodil,45.0,0.36288036882038843,0.44796835486539954
image_0012.jpg,daffodil,59.0,0.4602586054334454,0.8370529092981708
image_0013.jpg,daffodil,54.0,0.378717949096933,0.49163364819400107
image_0014.jpg,daffodil,34.0,0.4998678638281257,0.5197797868662394
image_0015.jpg,daffodil,55.0,0.5657997443150455,0.44109045731218455
image_0016.jpg,daffodil,53.0,0.4279788861260807,0.451269822447883
image_0017.jpg,daffodil,49.0,0.6330357627539188,0.47307613678693045
image_0018.jpg,daffodil,62.0,0.5289322209156935,0.6802835330084281
image_0019.jpg,daffodil,51.0,0.5271343572706592,0.41561055538193403
image_0020.jpg,daffodil,48.0,0.3426427301660601,0.6007433137916455
image_0021.jpg,daffodil,52.0,0.5311939945857286,0.47919309389883
image_0022.jpg,daffodil,50.0,0.4069756647470469,0.5327393849697356
image_0023.jpg,daffodil,50.0,0.40781807370366896,0.46236653888709156
image_0024.jpg,daffodil,53.0,0.59658916740113,0.4859536570424362
image_0025.jpg,daffodil,45.0,0.5159888873025641,0.7618646027326312
image_0026.jpg,daffodil,55.0,0.5000424319019767,0.5666026431435899
image_0027.jpg,daffodil,201.0,0.5094098454312755,0.6429593160856616
image_0028.jpg,daffodil,62.0,0.3792165228029741,0.3775570092683021
image_0029.jpg,daffodil,50.0,0.47277431340740855,0.6280045368875643
image_0030.jpg,daffodil,55.0,0.411618411765357,0.5604609640303878
image_0031.jpg,daffodil,66.0,0.4841367635217403,0.4737411305313371
image_0032.jpg,daffodil,120.0,0.5033751874447906,0.8644595927734852
image_0033.jpg,daffodil,52.0,0.3597785274707153,0.5154775201625296
image_0034.jpg,daffodil,48.0,0.5450612835634767,0.42414158563076043
image_0035.jpg,daffodil,52.0,0.6596696944710153,0.5427562919589496
image_0036.jpg,daffodil,48.0,0.49176615186032313,0.5184129687079512
image_0037.jpg,daffodil,56.0,0.5712917041552884,0.6956991411565848
image_0038.jpg,daffodil,58.0,0.3687656455693587,0.4918867840852421
image_0039.jpg,daffodil,52.0,0.5779532249132272,0.5379467023187928
image_0040.jpg,daffodil,51.0,0.3542355591402854,0.6726947849926516
image_0041.jpg,daffodil,198.0,0.46673148345843374,0.45471201757132595
image_0042.jpg,daffodil,43.0,0.3563928729438573,0.39363759730057596
image_0043.jpg,daffodil,53.0,0.3982998772629168,0.5171842531875023
image_0044.jpg,daffodil,92.0,0.36045535907701204,0.3261721943179167
image_0045.jpg,daffodil,61.0,0.3072550141756235,0.5026941488333084
image_0046.jpg,daffodil,52.0,0.3597785967075486,0.5154757550962612
image_0047.jpg,daffodil,41.0,0.39580743567568627,0.4484359988765528
image_0048.jpg,daffodil,34.0,0.49986876883992437,0.5197179105504246
image_0049.jpg,daffodil,55.0,0.4508839488613839,0.5094546376021122
image_0050.jpg,daffodil,54.0,0.5750072219583495,0.2418604626818476
image_0051.jpg,daffodil,62.0,0.3792152021997375,0.37755415373149837
image_0052.jpg,daffodil,59.0,0.46260833210733077,0.49473724212070164
image_0053.jpg,daffodil,61.0,0.45591954854359895,0.33879104268838073
image_0054.jpg,daffodil,24.0,0.3705585647532211,0.620839594501205
image_0055.jpg,daffodil,70.0,0.5552741365558701,0.4732904137514015
image_0056.jpg,daffodil,21.0,0.3776281881533676,0.5341851360270116
image_0057.jpg,daffodil,54.0,0.3071054730702329,0.5425765355022409
image_0058.jpg,daffodil,85.0,0.4004601430659201,0.4875075294818978
image_0059.jpg,daffodil,42.0,0.7413153311718153,0.42857141187223263
image_0060.jpg,daffodil,93.0,0.2963090180668955,0.8313893299502834
image_0061.jpg,daffodil,51.0,0.6050501382756164,0.44229716022329363
image_0062.jpg,daffodil,57.0,0.3456653452289649,0.8239698132164737
image_0063.jpg,daffodil,66.0,0.4841364660078999,0.473704986593242
image_0064.jpg,daffodil,56.0,0.5064688010164089,0.5189756023109948
image_0065.jpg,daffodil,51.0,0.508682829586379,0.5404158896713577
image_0066.jpg,daffodil,118.0,0.22101247659116402,0.8149444379146107
image_0067.jpg,daffodil,54.0,0.3718051981773702,0.3590521073352134
image_0068.jpg,daffodil,70.0,0.357504854131024,0.5678183272877764
image_0069.jpg,daffodil,137.0,0.38367345373988293,0.5760186532157175
image_0070.jpg,daffodil,138.0,0.3008652118542199,0.35404039825460654
image_0071.jpg,daffodil,46.0,0.3431386259052693,0.7551133880662823
image_0072.jpg,daffodil,92.0,0.357742117234954,0.7973734891947096
image_0073.jpg,daffodil,165.0,0.42238773068204083,0.3871446647486393
image_0074.jpg,daffodil,39.0,0.3903520425014635,0.3563905570817513
image_0075.jpg,daffodil,44.0,0.3414483425423569,0.35719068057258463
image_0076.jpg,daffodil,91.0,0.5153151406685437,0.43408901748025586
image_0077.jpg,daffodil,183.0,0.2572307988710812,0.5730026584048489
image_0078.jpg,daffodil,43.0,0.39827904975901973,0.40775350146724393
image_0079.jpg,daffodil,107.0,0.5730460910365992,0.41336798563400823
image_0080.jpg,daffodil,56.0,0.4338459903849105,0.7590846992308758
image_0081.jpg,snowdrop,85.0,0.3024394760626593,0.49778110436253215
image_0082.jpg,snowdrop,97.0,0.41735573687909217,0.49402983883951673
image_0083.jpg,snowdrop,212.0,0.5623335807350466,0.49839895940372325
image_0084.jpg,snowdrop,65.0,0.20430706930137393,0.5114892904219993
image_0085.jpg,snowdrop,67.0,0.6203698794241824,0.135583420827846
image_0086.jpg,snowdrop,89.0,0.49470976325226773,0.5184368897424909
image_0087.jpg,snowdrop,69.0,0.49026271706688945,0.5833258004330721
image_0088.jpg,snowdrop,68.0,0.3659949842758795,0.4589949280206519
image_0089.jpg,snowdrop,1.0,0.2506665070638432,0.170706992796666
image_0090.jpg,snowdrop,33.0,0.3906003942644154,0.19487977571390916
image_0091.jpg,snowdrop,28.0,0.45235044530923596,0.5163299958857526
image_0092.jpg,snowdrop,80.0,0.5599911323243683,0.32819418581835846
image_0093.jpg,snowdrop,35.0,0.4422503677004044,0.45829349275294734
image_0094.jpg,snowdrop,13.0,0.46615872029715255,0.23470602193584209
image_0095.jpg,snowdrop,72.0,0.35209206557107353,0.3701726566109868
image_0096.jpg,snowdrop,150.0,0.24132555885512316,0.12718707956953154
image_0097.jpg,snowdrop,119.0,0.20984737992996685,0.5758170609647928
image_0098.jpg,snowdrop,37.0,0.4741689941236834,0.29357860687653115
image_0099.jpg,snowdrop,232.0,0.7906022824763639,0.31155892635112503
image_0100.jpg,snowdrop,32.0,0.38425796828303715,0.19764516421657374
image_0101.jpg,snowdrop,78.0,0.2708092225118172,0.4806070624864019
image_0102.jpg,snowdrop,111.0,0.5130083669782437,0.3669469206928996
image_0103.jpg,snowdrop,173.0,0.4386158418196279,0.25996680614179374
image_0104.jpg,snowdrop,23.0,0.236467563324407,0.34061722687650575
image_0105.jpg,snowdrop,66.0,0.5590758866701511,0.39986070370737875
image_0106.jpg,snowdrop,17.0,0.4824653886622052,0.28928301756823455
image_0107.jpg,snowdrop,240.0,0.4843543346368337,0.1943319337499644
image_0108.jpg,snowdrop,39.0,0.506112428416726,0.5064844194787336
image_0109.jpg,snowdrop,161.0,0.40144502109901103,0.23239189978782782
image_0110.jpg,snowdrop,79.0,0.4751147674579246,0.23977007761996283
image_0111.jpg,snowdrop,60.0,0.2081175893954637,0.2057536664550279
image_0112.jpg,snowdrop,21.0,0.4378771002197679,0.4079165622261695
image_0113.jpg,snowdrop,62.0,0.47524038719030925,0.6674475495296093
image_0114.jpg,snowdrop,77.0,0.39113683513468217,0.2420136182680675
image_0115.jpg,snowdrop,168.0,0.32339473700295307,0.39720573663749964
image_0116.jpg,snowdrop,20.0,0.3243168676798209,0.44568795953436197
image_0117.jpg,snowdrop,104.0,0.4433030790441178,0.2841379312206178
image_0118.jpg,snowdrop,48.0,0.37884908684815505,0.5352611693683288
image_0119.jpg,snowdrop,17.0,0.4252924077227634,0.5415028821271184
image_0120.jpg,snowdrop,70.0,0.3800451951219106,0.32553560359783223
image_0121.jpg,snowdrop,155.0,0.3173512400016566,0.32409391112667213
image_0122.jpg,snowdrop,129.0,0.29923650725378537,0.30780133753302136
image_0123.jpg,snowdrop,98.0,0.42036149827743147,0.27637458242918334
image_0124.jpg,snowdrop,24.0,0.4739836019108757,0.4037109624929666
image_0125.jpg,snowdrop,89.0,0.4086421016266085,0.4412890966406097
image_0126.jpg,snowdrop,67.0,0.5748396001855781,0.3063757681202433
image_0127.jpg,snowdrop,29.0,0.30645913129555297,0.6317776185369052
image_0128.jpg,snowdrop,132.0,0.4814126336310615,0.2092327579870674
image_0129.jpg,snowdrop,84.0,0.380173638590528,0.4704901046774624
image_0130.jpg,snowdrop,38.0,0.42931098675351254,0.41399168161179006
image_0131.jpg,snowdrop,135.0,0.42288939196065556,0.4378004373944985
image_0132.jpg,snowdrop,73.0,0.4556718556444163,0.31148880027416487
image_0133.jpg,snowdrop,47.0,0.6631497448955486,0.0953910874261099
image_0134.jpg,snowdrop,88.0,0.44553276200439934,0.4174595692788248
image_0135.jpg,snowdrop,19.0,0.390890037046146,0.5066660835956094
image_0136.jpg,snowdrop,76.0,0.3039889401210419,0.7121486986769915
image_0137.jpg,snowdrop,19.0,0.43395919573961356,0.3162138402032657
image_0138.jpg,snowdrop,90.0,0.47867378095190355,0.4028830981585049
image_0139.jpg,snowdrop,88.0,0.3797855036061313,0.44612846624274
image_0140.jpg,snowdrop,90.0,0.4972798306257171,0.5161562880507691
image_0141.jpg,snowdrop,113.0,0.29166335049880937,0.6451661278812153
image_0142.jpg,snowdrop,96.0,0.2619349574162167,0.4025811860981185
image_0143.jpg,snowdrop,26.0,0.4882410630713621,0.3361642537154929
image_0144.jpg,snowdrop,14.0,0.3931279877204781,0.1560106032667405
image_0145.jpg,snowdrop,105.0,0.3310732266774364,0.36899271740759676
image_0146.jpg,snowdrop,98.0,0.45739243338249497,0.2761063176758662
image_0147.jpg,snowdrop,193.0,0.40669576390584317,0.18579539440163412
image_0148.jpg,snowdrop,212.0,0.6857933427955474,0.19816666729689733
image_0149.jpg,snowdrop,27.0,0.37960568521427807,0.3421208928761158
image_0150.jpg,snowdrop,74.0,0.4974554764250953,0.5441664005516845
image_0151.jpg,snowdrop,99.0,0.42091307831940306,0.2843792158638905
image_0152.jpg,snowdrop,80.0,0.5049301547764838,0.4339693718746915
image_0153.jpg,snowdrop,24.0,0.5110358430726929,0.2779602689320408
image_0154.jpg,snowdrop,31.0,0.5365766882084814,0.5148149040334106
image_0155.jpg,snowdrop,345.0,0.5531308126570322,0.3387981754645499
image_0156.jpg,snowdrop,132.0,0.4713274031658383,0.2937386697804087
image_0157.jpg,snowdrop,100.0,0.45719921453521134,0.48448699472107304
image_0158.jpg,snowdrop,247.0,0.4014291974959926,0.36145888561251666
image_0159.jpg,snowdrop,228.0,0.6053588257960505,0.23655780356140643
image_0160.jpg,snowdrop,152.0,0.4325212693894369,0.36360303971560815
image_0161.jpg,lilyvalley,0.0,0.2101989270595967,0.3013799207229745
image_0162.jpg,lilyvalley,39.0,0.5327856282648795,0.07961496415136317
image_0163.jpg,lilyvalley,183.0,0.4778286659878794,0.31470369575401264
image_0164.jpg,lilyvalley,97.0,0.5883321986316596,0.4899995641273316
image_0165.jpg,lilyvalley,79.0,0.7384042581448326,0.17643112477637807
image_0166.jpg,lilyvalley,70.0,0.3151981429579783,0.5279096006947527
image_0167.jpg,lilyvalley,105.0,0.3962732613800916,0.6931556528262984
image_0168.jpg,lilyvalley,82.0,0.4188942979558619,0.6667665617835943
image_0169.jpg,lilyvalley,122.0,0.3246557291751333,0.5085334459684369
image_0170.jpg,lilyvalley,27.0,0.5236988644811582,0.3785521161359849
image_0171.jpg,lilyvalley,0.0,0.1508198909218292,0.2853351706192146
image_0172.jpg,lilyvalley,81.0,0.2931638488550072,0.7722896631220505
image_0173.jpg,lilyvalley,105.0,0.43256537528536537,0.3115506943398341
image_0174.jpg,lilyvalley,87.0,0.25859882991298344,0.7863744470873785
image_0175.jpg,lilyvalley,82.0,0.38361174913639506,0.6359000946539506
image_0176.jpg,lilyvalley,104.0,0.334536148328537,0.740401813473272
image_0177.jpg,lilyvalley,89.0,0.4569495426582727,0.3355437226855377
image_0178.jpg,lilyvalley,78.0,0.49579074722684285,0.5256273178715737
image_0179.jpg,lilyvalley,101.0,0.4590508308545696,0.5014349166310604
image_0180.jpg,lilyvalley,97.0,0.307736338054952,0.6403366275845997
image_0181.jpg,lilyvalley,133.0,0.2342407182972744,0.3741865962247145
image_0182.jpg,lilyvalley,68.0,0.4620446271348539,0.5133546668170763
image_0183.jpg,lilyvalley,86.0,0.4868141280100986,0.5498355642080303
image_0184.jpg,lilyvalley,102.0,0.40734011209803206,0.6568914753553557
image_0185.jpg,lilyvalley,114.0,0.4358624685684573,0.16811811686627198
image_0186.jpg,lilyvalley,83.0,0.3680996557680689,0.4808761561772334
image_0187.jpg,lilyvalley,89.0,0.3976267359364964,0.6275148588273314
image_0188.jpg,lilyvalley,97.0,0.48014319283956686,0.7439830303963954
image_0189.jpg,lilyvalley,87.0,0.5021621922128632,0.35698992757929365
image_0190.jpg,lilyvalley,103.0,0.41842915418361004,0.5839068050433087
image_0191.jpg,lilyvalley,113.0,0.5813393065037324,0.6301960281996337
image_0192.jpg,lilyvalley,90.0,0.5895010945941108,0.5090548660928728
image_0193.jpg,lilyvalley,150.0,0.4728295943471581,0.8327203079772438
image_0194.jpg,lilyvalley,94.0,0.48813938348408187,0.34902478209554966
image_0195.jpg,lilyvalley,159.0,0.45219715239156544,0.39503832735814903
image_0196.jpg,lilyvalley,97.0,0.4791774664482262,0.7370258945717141
image_0197.jpg,lilyvalley,13.0,0.28914318245765186,0.41691391084604906
image_0198.jpg,lilyvalley,101.0,0.3063059012145923,0.3617106820808574
image_0199.jpg,lilyvalley,51.0,0.29951254998678545,0.650519367956598
image_0200.jpg,lilyvalley,70.0,0.26067422679624314,0.5985235055004792
image_0201.jpg,lilyvalley,82.0,0.3554723129520489,0.7725429069967965
image_0202.jpg,lilyvalley,165.0,0.4608329970568633,0.32046477291276343
image_0203.jpg,lilyvalley,69.0,0.4093652815925269,0.36760945456439104
image_0204.jpg,lilyvalley,89.0,0.327366573004103,0.6306599686533685
image_0205.jpg,lilyvalley,181.0,0.5510968313530121,0.3369701947539682
image_0206.jpg,lilyvalley,92.0,0.38989228535370496,0.7491136672383496
image_0207.jpg,lilyvalley,69.0,0.23951869052786937,0.2615352156423191
image_0208.jpg,lilyvalley,106.0,0.24833384165866362,0.5117623144314962
image_0209.jpg,lilyvalley,82.0,0.50599568904761,0.6682807152088572
image_0210.jpg,lilyvalley,111.0,0.374367753585715,0.7046276816145215
image_0211.jpg,lilyvalley,132.0,0.4536091130007715,0.29614798425541605
image_0212.jpg,lilyvalley,89.0,0.3990524984848811,0.7001161246113652
image_0213.jpg,lilyvalley,104.0,0.6693824623474011,0.7394398832421403
image_0214.jpg,lilyvalley,90.0,0.2925790525058079,0.8534051294593786
image_0215.jpg,lilyvalley,93.0,0.589364598032436,0.4024502913240909
image_0216.jpg,lilyvalley,24.0,0.46286983137027093,0.43942566720437515
image_0217.jpg,lilyvalley,93.0,0.49211431189819616,0.5653352857917346
image_0218.jpg,lilyvalley,87.0,0.4447576728170526,0.6153470636768554
image_0219.jpg,lilyvalley,88.0,0.5314942899190522,0.8483793615182958
image_0220.jpg,lilyvalley,88.0,0.47401017442006615,0.5763836586785877
image_0221.jpg,lilyvalley,88.0,0.3650975030004848,0.7461284763577085
image_0222.jpg,lilyvalley,128.0,0.3114430437266242,0.33232463358202163
image_0223.jpg,lilyvalley,119.0,0.36291597067061954,0.6611901992536393
image_0224.jpg,lilyvalley,109.0,0.46315219276036274,0.43293242850555486
image_0225.jpg,lilyvalley,89.0,0.48550403360445255,0.46340495392768233
image_0226.jpg,lilyvalley,81.0,0.4456352386793407,0.5796709150074788
image_0227.jpg,lilyvalley,157.0,0.4813299858723493,0.4375043646953841
image_0228.jpg,lilyvalley,76.0,0.32218186461604104,0.44348646158602967
image_0229.jpg,lilyvalley,90.0,0.5135852827063574,0.5585379007536303
image_0230.jpg,lilyvalley,86.0,0.45003870955875086,0.3724303364151668
image_0231.jpg,lilyvalley,98.0,0.44748480635026594,0.5401562793935746
image_0232.jpg,lilyvalley,87.0,0.41303364770352097,0.705294226376901
image_0233.jpg,lilyvalley,98.0,0.33351705671790316,0.6698511261692853
image_0234.jpg,lilyvalley,99.0,0.2647814394114843,0.6954753500062204
image_0235.jpg,lilyvalley,100.0,0.2630433970230779,0.5253046206830772
image_0236.jpg,lilyvalley,145.0,0.3606846295011198,0.2915835346615711
image_0237.jpg,lilyvalley,86.0,0.3721825701056742,0.5943333835134864
image_0238.jpg,lilyvalley,75.0,0.4359577026098017,0.5104784214768612
image_0239.jpg,lilyvalley,123.0,0.43790921530572474,0.5646980595246821
image_0240.jpg,lilyvalley,91.0,0.4100517921113207,0.5801793113857441
image_0241.jpg,bluebell,249.0,0.6136400456265376,0.32165702056554646
image_0242.jpg,bluebell,79.0,0.6799347819225836,0.3124045879858732
image_0243.jpg,bluebell,79.0,0.6827162482297277,0.3185032577216399
image_0244.jpg,bluebell,79.0,0.666271051837533,0.3305343605974527
image_0245.jpg,bluebell,256.0,0.3946311332238331,0.41310487549210406
image_0246.jpg,bluebell,76.0,0.32527573545228333,0.32333959623994324
image_0247.jpg,bluebell,351.0,0.7217701148318434,0.24991128297460713
image_0248.jpg,bluebell,344.0,0.6568644810649774,0.3290707989004416
image_0249.jpg,bluebell,267.0,0.5763628356599707,0.4225109004737322
image_0250.jpg,bluebell,268.0,0.5849460679735551,0.456303633570636
image_0251.jpg,bluebell,268.0,0.48284005998489654,0.4810487918686372
image_0252.jpg,bluebell,247.0,0.6111799768373078,0.33481037290886984
image_0253.jpg,bluebell,245.0,0.6261777752244534,0.4038418992991791
image_0254.jpg,bluebell,76.0,0.5197104716856106,0.3187601904729972
image_0255.jpg,bluebell,97.0,0.5431084463663525,0.4448346727154454
image_0256.jpg,bluebell,48.0,0.5262337466862044,0.38874030705618284
image_0257.jpg,bluebell,139.0,0.5481250808414493,0.8235763470823493
image_0258.jpg,bluebell,112.0,0.5526574009497579,0.544849912655099
image_0259.jpg,bluebell,228.0,0.2854844473324549,0.36051725086659975
image_0260.jpg,bluebell,72.0,0.5557751867729208,0.4108043205511558
image_0261.jpg,bluebell,270.0,0.36413060010870946,0.38494476910774245
image_0262.jpg,bluebell,228.0,0.5829676052324134,0.4271488515653738
image_0263.jpg,bluebell,155.0,0.43217040574831633,0.3785155500110567
image_0264.jpg,bluebell,137.0,0.47045117494345745,0.3176512388003191
image_0265.jpg,bluebell,104.0,0.41819898123819316,0.5753208659925443
image_0266.jpg,bluebell,105.0,0.4527993085597335,0.5449431460443547
image_0267.jpg,bluebell,236.0,0.5430951316787427,0.4409885014227076
image_0268.jpg,bluebell,290.0,0.6071275797921059,0.34164844979331876
image_0269.jpg,bluebell,234.0,0.6150712585708035,0.3543822112691839
image_0270.jpg,bluebell,81.0,0.5479021372226679,0.4302364480122196
image_0271.jpg,bluebell,235.0,0.5431127641003509,0.4319781363193561
image_0272.jpg,bluebell,82.0,0.498531205974268,0.5039672693677707
image_0273.jpg,bluebell,238.0,0.6881623317263764,0.30439103749057
image_0274.jpg,bluebell,71.0,0.5418491102397961,0.37357635526481364
image_0275.jpg,bluebell,91.0,0.45012396170082036,0.6649421415831908
image_0276.jpg,bluebell,109.0,0.4547985767357228,0.3669927159990006
image_0277.jpg,bluebell,43.0,0.4110926290905033,0.4173282886628154
image_0278.jpg,bluebell,57.0,0.36581815748043295,0.5507486099821052
image_0279.jpg,bluebell,100.0,0.52585169816621,0.3123789746467766
image_0280.jpg,bluebell,90.0,0.5436686615441358,0.6506325675850823
image_0281.jpg,bluebell,85.0,0.5063196138261711,0.7395195254363437
image_0282.jpg,bluebell,37.0,0.40929956412458274,0.6588870782705051
image_0283.jpg,bluebell,119.0,0.42736749451988915,0.29197906943783686
image_0284.jpg,bluebell,78.0,0.5121049263995241,0.5842345694772997
image_0285.jpg,bluebell,97.0,0.5471997042153259,0.500996945167183
image_0286.jpg,bluebell,105.0,0.4638561400550383,0.41453207652504626
image_0287.jpg,bluebell,78.0,0.4483626421488735,0.6295745714197123
image_0288.jpg,bluebell,69.0,0.44352960275863507,0.4225855468374274
image_0289.jpg,bluebell,79.0,0.41611088333864976,0.4075285175178932
image_0290.jpg,bluebell,78.0,0.4035196828391926,0.5310366612915274
image_0291.jpg,bluebell,129.0,0.1699884467358971,0.6596282308907047
image_0292.jpg,bluebell,250.0,0.34484685389123904,0.3481688388743697
image_0293.jpg,bluebell,74.0,0.4988731261284397,0.5293598878930506
image_0294.jpg,bluebell,87.0,0.5406572861130845,0.5944490591874335
image_0295.jpg,bluebell,30.0,0.5653100171055411,0.3446654567668488
image_0296.jpg,bluebell,47.0,0.4466539383765659,0.3072613347048373
image_0297.jpg,bluebell,43.0,0.3547641719655326,0.6557374436611962
image_0298.jpg,bluebell,40.0,0.43980621053353386,0.4029101443982029
image_0299.jpg,bluebell,141.0,0.40372068891132756,0.605467980500051
image_0300.jpg,bluebell,232.0,0.43676107272109027,0.46403333823053344
image_0301.jpg,bluebell,102.0,0.5686648568778878,0.4031623173303081
image_0302.jpg,bluebell,241.0,0.6268222568258506,0.33530629106311266
image_0303.jpg,bluebell,82.0,0.4467751273542495,0.4751122617039047
image_0304.jpg,bluebell,89.0,0.46220087034745105,0.4536867855822684
image_0305.jpg,bluebell,238.0,0.5134917042841058,0.3955810193808384
image_0306.jpg,bluebell,249.0,0.5378094150700067,0.3833131310532222
image_0307.jpg,bluebell,87.0,0.4393483092387516,0.4480870265370491
image_0308.jpg,bluebell,142.0,0.3426397396441553,0.4453076875891745
image_0309.jpg,bluebell,81.0,0.46598933607599574,0.4119364510980335
image_0310.jpg,bluebell,80.0,0.4949715848030089,0.4063228037075737
image_0311.jpg,bluebell,252.0,0.5057215078139357,0.342751417387743
image_0312.jpg,bluebell,251.0,0.5063874041397846,0.29954272821450373
image_0313.jpg,bluebell,252.0,0.5205647415098021,0.2864648277756532
image_0314.jpg,bluebell,91.0,0.39766212381322313,0.2671109128703624
image_0315.jpg,bluebell,57.0,0.5506744790113767,0.6918277494177381
image_0316.jpg,bluebell,57.0,0.1944944921778698,0.5188275328474355
image_0317.jpg,bluebell,128.0,0.5170091478888834,0.39623609476626254
image_0318.jpg,bluebell,115.0,0.4498456840002095,0.6346706405158848
image_0319.jpg,bluebell,74.0,0.5378866809450723,0.34030755382966266
image_0320.jpg,bluebell,98.0,0.46311747310869844,0.5620453140674783
image_0321.jpg,crocus,275.0,0.5577250382252249,0.4358018933448198
image_0322.jpg,crocus,39.0,0.3109623518689727,0.42720901734456634
image_0323.jpg,crocus,253.0,0.6216928128323523,0.1498931972659505
image_0324.jpg,crocus,253.0,0.6351481438136035,0.4214347796368947
image_0325.jpg,crocus,50.0,0.4120048993760172,0.3522247413825004
image_0326.jpg,crocus,33.0,0.32872958707264044,0.3918767524025897
image_0327.jpg,crocus,13.0,0.39545572303384136,0.3763412213829277
image_0328.jpg,crocus,83.0,0.4405896291743582,0.6604225179701274
image_0329.jpg,crocus,27.0,0.4701121144447916,0.30552830201759446
image_0330.jpg,crocus,272.0,0.46825505584186183,0.4230844305054039
image_0331.jpg,crocus,76.0,0.4261057506382468,0.5919781477821348
image_0332.jpg,crocus,69.0,0.4464367572117546,0.42568174573780354
image_0333.jpg,crocus,282.0,0.2972335605083664,0.5403150060852726
image_0334.jpg,crocus,269.0,0.44301326929276447,0.33017157996758106
image_0335.jpg,crocus,98.0,0.4362848506871131,0.5206186875429264
image_0336.jpg,crocus,220.0,0.5167783033699788,0.23793365744666384
image_0337.jpg,crocus,25.0,0.5757659552306391,0.2756589764579564
image_0338.jpg,crocus,52.0,0.518718847670929,0.506721521104607
image_0339.jpg,crocus,51.0,0.5255781642573196,0.25856142876555765
image_0340.jpg,crocus,83.0,0.4387386859177503,0.4851416133995033
image_0341.jpg,crocus,283.0,0.5704062134794453,0.49040843046348914
image_0342.jpg,crocus,73.0,0.419123790656838,0.2979220081716834
image_0343.jpg,crocus,273.0,0.46546378188156223,0.5121743486916838
image_0344.jpg,crocus,285.0,0.4439403955331,0.5047433177036785
image_0345.jpg,crocus,23.0,0.2974455010624752,0.3498495623672291
image_0346.jpg,crocus,275.0,0.6634388664676979,0.33274382938905306
image_0347.jpg,crocus,254.0,0.5595026353832683,0.48194881484539787
image_0348.jpg,crocus,96.0,0.37657346163117644,0.44359502388844263
image_0349.jpg,crocus,274.0,0.46216189533941104,0.4622774764950568
image_0350.jpg,crocus,60.0,0.49112866141367606,0.5379463748336222
image_0351.jpg,crocus,87.0,0.5518368428666347,0.4431485984345338
image_0352.jpg,crocus,27.0,0.3681049179829543,0.47579252335465866
image_0353.jpg,crocus,75.0,0.43485910420044566,0.23362725793765707
image_0354.jpg,crocus,87.0,0.33516374549834554,0.3779922709724812
image_0355.jpg,crocus,257.0,0.5510845939943497,0.337100125694541
image_0356.jpg,crocus,290.0,0.49013942571830565,0.29658037716895747
image_0357.jpg,crocus,206.0,0.43925683922852865,0.23954019784980726
image_0358.jpg,crocus,39.0,0.3731032592960692,0.6475616069995881
image_0359.jpg,crocus,57.0,0.4447034850684126,0.4829462266373099
image_0360.jpg,crocus,85.0,0.3959075824763424,0.5682797555064901
image_0361.jpg,crocus,268.0,0.4162083163347218,0.338367491910876
image_0362.jpg,crocus,290.0,0.4645813173929436,0.2930582949876968
image_0363.jpg,crocus,74.0,0.23601417592473017,0.4001261934663974
image_0364.jpg,crocus,299.0,0.3843050048469458,0.3408919496563982
image_0365.jpg,crocus,277.0,0.42930931192056904,0.4605899220374895
image_0366.jpg,crocus,259.0,0.40809360368362174,0.23183200671717102
image_0367.jpg,crocus,208.0,0.6819046984928153,0.2573541915794962
image_0368.jpg,crocus,287.0,0.4346486778151252,0.2732186749530494
image_0369.jpg,crocus,273.0,0.6978466141965579,0.32680753477295144
image_0370.jpg,crocus,261.0,0.4826951193109007,0.24889781557792717
image_0371.jpg,crocus,287.0,0.5509445539357096,0.4352706810124127
image_0372.jpg,crocus,99.0,0.49719045639657644,0.3719990798950853
image_0373.jpg,crocus,19.0,0.5584336286723223,0.325899520494667
image_0374.jpg,crocus,53.0,0.5634934683667681,0.3288182809576473
image_0375.jpg,crocus,74.0,0.30892538194238234,0.40779473507920677
image_0376.jpg,crocus,68.0,0.46851085767571954,0.1857529612175409
image_0377.jpg,crocus,261.0,0.5751599555733676,0.257938739142555
image_0378.jpg,crocus,32.0,0.5073698426855108,0.44493254834751306
image_0379.jpg,crocus,17.0,0.5182463045882478,0.5278142102419476
image_0380.jpg,crocus,34.0,0.5178580001486627,0.4941873260368769
image_0381.jpg,crocus,22.0,0.5558987004154317,0.358767964255203
image_0382.jpg,crocus,12.0,0.33797987525378587,0.3878251325457225
image_0383.jpg,crocus,38.0,0.34593796670892124,0.2781509587926447
image_0384.jpg,crocus,228.0,0.5953055784544524,0.20247768871726365
image_0385.jpg,crocus,31.0,0.5087406513348124,0.31481621630136725
image_0386.jpg,crocus,40.0,0.44429278606070827,0.492525129527192
image_0387.jpg,crocus,40.0,0.4269626631676808,0.27712421786767893
image_0388.jpg,crocus,42.0,0.44839873983478284,0.6379478496571158
image_0389.jpg,crocus,94.0,0.4123334120540459,0.3234952225902937
image_0390.jpg,crocus,21.0,0.5307908312671247,0.4395239368861784
image_0391.jpg,crocus,39.0,0.46122577491548034,0.40588931180301374
image_0392.jpg,crocus,134.0,0.6168741961229686,0.4848040709118297
image_0393.jpg,crocus,28.0,0.631679598311843,0.3269505726232723
image_0394.jpg,crocus,42.0,0.5443291322922654,0.42120431811765946
image_0395.jpg,crocus,21.0,0.6152236931349947,0.17783855735568285
image_0396.jpg,crocus,38.0,0.4740444759939303,0.4600227474633999
image_0397.jpg,crocus,26.0,0.5925905690400624,0.33339127963904386
image_0398.jpg,crocus,25.0,0.523098161764706,0.16786109844054778
image_0399.jpg,crocus,18.0,0.6534655470052055,0.4708633462565861
image_0400.jpg,crocus,20.0,0.49992528881090653,0.2997848569711262
image_0401.jpg,iris,99.0,0.5312917857810301,0.48211128937928205
image_0402.jpg,iris,68.0,0.6432555356146451,0.5564006255413145
image_0403.jpg,iris,87.0,0.6122708316682792,0.32680353357539615
image_0404.jpg,iris,114.0,0.7477385050612262,0.4424859639596267
image_0405.jpg,iris,83.0,0.622572130535843,0.5623512662490585
image_0406.jpg,iris,84.0,0.6280642370001476,0.34431461300758365
image_0407.jpg,iris,277.0,0.48784919919297737,0.4100157248422452
image_0408.jpg,iris,57.0,0.6647860413830621,0.46413919221197664
image_0409.jpg,iris,83.0,0.6607090792471112,0.4054587459115261
image_0410.jpg,iris,97.0,0.707721661102821,0.3773379465601837
image_0411.jpg,iris,47.0,0.4016613003783811,0.5813854616035201
image_0412.jpg,iris,253.0,0.5003070798440256,0.33285344853236287
image_0413.jpg,iris,92.0,0.4649905110067842,0.4012938817620083
image_0414.jpg,iris,87.0,0.6350911168810568,0.4975702436345878
image_0415.jpg,iris,99.0,0.6143624405570697,0.3503944385000249
image_0416.jpg,iris,63.0,0.4846368858396267,0.24823411998748193
image_0417.jpg,iris,86.0,0.5363931741409953,0.5388814331881032
image_0418.jpg,iris,250.0,0.4142604211535105,0.49192105153720844
image_0419.jpg,iris,49.0,0.6570960063849561,0.5059838448500301
image_0420.jpg,iris,29.0,0.3069055774951226,0.6901411392162555
image_0421.jpg,iris,54.0,0.41894170825647614,0.5921064453224621
image_0422.jpg,iris,73.0,0.6163522676768067,0.3691245934587637
image_0423.jpg,iris,48.0,0.521480327489981,0.35646189976408243
image_0424.jpg,iris,235.0,0.5423649998270503,0.2932942439269863
image_0425.jpg,iris,84.0,0.5649740917936447,0.3438394246683254
image_0426.jpg,iris,79.0,0.6438244119007412,0.45707513102657615
image_0427.jpg,iris,77.0,0.6773268604634067,0.5308027948379995
image_0428.jpg,iris,24.0,0.5372004128976324,0.5931340688662147
image_0429.jpg,iris,250.0,0.7453258904273068,0.4078822471468485
image_0430.jpg,iris,61.0,0.6661181985294117,0.3905434778314284
image_0431.jpg,iris,95.0,0.6945722551612731,0.30135936946508207
image_0432.jpg,iris,48.0,0.5018473278943251,0.5969477573804828
image_0433.jpg,iris,92.0,0.6054798558364686,0.3170909667071493
image_0434.jpg,iris,78.0,0.618906713351233,0.5483872649674327
image_0435.jpg,iris,42.0,0.5314624964287455,0.2788999251684337
image_0436.jpg,iris,26.0,0.49847886906210365,0.5849475131235023
image_0437.jpg,iris,79.0,0.6125532968200188,0.5510527694184245
image_0438.jpg,iris,73.0,0.6527259507602273,0.4485442238440997
image_0439.jpg,iris,105.0,0.652517070851646,0.313049146372809
image_0440.jpg,iris,99.0,0.42746503025942395,0.418482220245344
image_0441.jpg,iris,41.0,0.6295241500256108,0.5546757136031467
image_0442.jpg,iris,262.0,0.4051036104239864,0.3190961092711247
image_0443.jpg,iris,235.0,0.5423652437606162,0.29329399179859944
image_0444.jpg,iris,241.0,0.5308173794571489,0.49276336782111313
image_0445.jpg,iris,95.0,0.533376234690435,0.4986374894122496
image_0446.jpg,iris,250.0,0.4142547550585758,0.4919068457126938
image_0447.jpg,iris,54.0,0.4189441345323662,0.5919672210288246
image_0448.jpg,iris,36.0,0.540587009260991,0.402229412818752
image_0449.jpg,iris,49.0,0.463790871397965,0.4310122800175556
image_0450.jpg,iris,166.0,0.41546362615772764,0.36254379933241826
image_0451.jpg,iris,86.0,0.4480661114305017,0.506128351708973
image_0452.jpg,iris,67.0,0.24035861635000352,0.5053576230459942
image_0453.jpg,iris,105.0,0.6525176104469386,0.31304932330987345
image_0454.jpg,iris,49.0,0.5863304759731236,0.21804636299467003
image_0455.jpg,iris,97.0,0.7076979953219072,0.37729120705001357
image_0456.jpg,iris,92.0,0.4649888472197587,0.40129922224147907
image_0457.jpg,iris,0.0,0.28526928010914054,0.07764714406855051
image_0458.jpg,iris,58.0,0.626732465916054,0.4169840622396196
image_0459.jpg,iris,77.0,0.6773242052981648,0.5307585840112933
image_0460.jpg,iris,250.0,0.7452839105898235,0.4078189427663252
image_0461.jpg,iris,7.0,0.37660279376731276,0.22886018934574065
image_0462.jpg,iris,60.0,0.6390184947101814,0.5510961211776066
image_0463.jpg,iris,86.0,0.6386314280674955,0.5548056550690957
image_0464.jpg,iris,87.0,0.6350915363207179,0.4975694914937164
image_0465.jpg,iris,49.0,0.49236535687989547,0.6385023027836993
image_0466.jpg,iris,57.0,0.6970055409943499,0.7093201520206899
image_0467.jpg,iris,78.0,0.6188934759731395,0.5483302733430379
image_0468.jpg,iris,47.0,0.40166183089944246,0.5813378745553632
image_0469.jpg,iris,73.0,0.6163520227726851,0.3691252062970201
image_0470.jpg,iris,92.0,0.6054786784626588,0.3170825651585781
image_0471.jpg,iris,26.0,0.49847796718539233,0.5849486405508699
image_0472.jpg,iris,68.0,0.6432566307627993,0.5563817905977284
image_0473.jpg,iris,63.0,0.6849600320978158,0.3669124002989667
image_0474.jpg,iris,79.0,0.6125558025150343,0.5509973207096875
image_0475.jpg,iris,87.0,0.6122689300264855,0.3267938827474535
image_0476.jpg,iris,83.0,0.6225715030352799,0.5623221789589306
image_0477.jpg,iris,76.0,0.7021030582958082,0.4984191532269537
image_0478.jpg,iris,16.0,0.6229426699574865,0.525366058848187
image_0479.jpg,iris,249.0,0.4881326036827959,0.3314801314155577
image_0480.jpg,iris,70.0,0.48201478486359817,0.49770030945586663
image_0481.jpg,tigerlily,84.0,0.5445111758896268,0.4635697502699266
image_0482.jpg,tigerlily,18.0,0.4979493942276271,0.6583989701207078
image_0483.jpg,tigerlily,16.0,0.49574279944556515,0.6112329870384254
image_0484.jpg,tigerlily,84.0,0.5695544507017132,0.4667107748793887
image_0485.jpg,tigerlily,12.0,0.6802279229410505,0.30799342961817305
image_0486.jpg,tigerlily,24.0,0.5236320125154159,0.6767956141802779
image_0487.jpg,tigerlily,213.0,0.7554083392959745,0.7401995478879005
image_0488.jpg,tigerlily,94.0,0.5102133551406782,0.5066314265206796
image_0489.jpg,tigerlily,116.0,0.5492576399096181,0.5459747973310543
image_0490.jpg,tigerlily,11.0,0.38802282143494543,0.43478819388689993
image_0491.jpg,tigerlily,11.0,0.5005596540165288,0.4047961596013776
image_0492.jpg,tigerlily,83.0,0.574573294078213,0.5829953846738093
image_0493.jpg,tigerlily,65.0,0.445370446425907,0.8032835013597629
image_0494.jpg,tigerlily,19.0,0.5015167952518838,0.7272960524815197
image_0495.jpg,tigerlily,19.0,0.6727540776183322,0.3298711325742219
image_0496.jpg,tigerlily,18.0,0.43822320891528477,0.5786570589423788
image_0497.jpg,tigerlily,8.0,0.4499415256391422,0.6055149389475638
image_0498.jpg,tigerlily,83.0,0.5738728624228799,0.4674998703221435
image_0499.jpg,tigerlily,13.0,0.5591525844776207,0.4481858942120293
image_0500.jpg,tigerlily,12.0,0.46853534808494923,0.6002200009337305
image_0501.jpg,tigerlily,230.0,0.4924121534475531,0.3176169834799539
image_0502.jpg,tigerlily,83.0,0.4993053109342218,0.8656484132259971
image_0503.jpg,tigerlily,93.0,0.3885712184708011,0.7013192464376545
image_0504.jpg,tigerlily,74.0,0.5035401364816819,0.5996857090252617
image_0505.jpg,tigerlily,25.0,0.6109443124962736,0.6303441017933016
image_0506.jpg,tigerlily,16.0,0.5384084633100472,0.32976886957917406
image_0507.jpg,tigerlily,214.0,0.546841642678882,0.4438589337699113
image_0508.jpg,tigerlily,93.0,0.5808036445816869,0.810557424515929
image_0509.jpg,tigerlily,27.0,0.6042557366005188,0.43433427397503727
image_0510.jpg,tigerlily,219.0,0.8216324210526538,0.3659129468533134
image_0511.jpg,tigerlily,101.0,0.4460114650493223,0.5884831633360367
image_0512.jpg,tigerlily,85.0,0.46224837162428445,0.42513973168791974
image_0513.jpg,tigerlily,94.0,0.3829872555314605,0.5982440337703959
image_0514.jpg,tigerlily,94.0,0.5434692054792167,0.3481650043035107
image_0515.jpg,tigerlily,14.0,0.5860778022890256,0.3525841700631718
image_0516.jpg,tigerlily,85.0,0.594409798634338,0.46536777548653113
image_0517.jpg,tigerlily,213.0,0.47234822093531453,0.47930779185732136
image_0518.jpg,tigerlily,15.0,0.4722389396876087,0.5522040914402049
image_0519.jpg,tigerlily,69.0,0.6983459468119633,0.3830811422561062
image_0520.jpg,tigerlily,84.0,0.5399931496784318,0.7398709035038228
image_0521.jpg,tigerlily,18.0,0.5486120944653216,0.30605552550407455
image_0522.jpg,tigerlily,72.0,0.5671366261403544,0.25922566997216157
image_0523.jpg,tigerlily,17.0,0.5508954909616268,0.4398849975068083
image_0524.jpg,tigerlily,81.0,0.47049021659853146,0.5950562704022496
image_0525.jpg,tigerlily,88.0,0.4690590655751738,0.43966417087999904
image_0526.jpg,tigerlily,70.0,0.26600100053978065,0.4875787864567694
image_0527.jpg,tigerlily,80.0,0.40937990454273837,0.7018990236041444
image_0528.jpg,tigerlily,111.0,0.49156439322042533,0.7909378415303099
image_0529.jpg,tigerlily,136.0,0.5821660968851174,0.6093082552867392
image_0530.jpg,tigerlily,162.0,0.37575719488692444,0.6684103726864901
image_0531.jpg,tigerlily,21.0,0.6536819644840454,0.49213970936937185
image_0532.jpg,tigerlily,83.0,0.4646330411949707,0.4361256785005991
image_0533.jpg,tigerlily,106.0,0.5652666234859715,0.45864082519362154
image_0534.jpg,tigerlily,76.0,0.4165729217359053,0.32508561774386313
image_0535.jpg,tigerlily,117.0,0.1717567366500076,0.5792010602040957
image_0536.jpg,tigerlily,25.0,0.5490422990846737,0.6141974950063604
image_0537.jpg,tigerlily,105.0,0.3853364099117405,0.40103837635498657
image_0538.jpg,tigerlily,83.0,0.5037972538332274,0.6034946079797803
image_0539.jpg,tigerlily,79.0,0.5955755640770874,0.6091765306867357
image_0540.jpg,tigerlily,82.0,0.5134519568711651,0.42790725075180364
image_0541.jpg,tigerlily,19.0,0.43615867817008214,0.2962497967864044
image_0542.jpg,tigerlily,96.0,0.43336332664360133,0.5395685073766808
image_0543.jpg,tigerlily,67.0,0.3837868654682486,0.685395071779806
image_0544.jpg,tigerlily,76.0,0.4141147677127807,0.4838919308951613
image_0545.jpg,tigerlily,3.0,0.25646102132036264,0.5097699047518047
image_0546.jpg,tigerlily,127.0,0.5571631268673213,0.44608993992040485
image_0547.jpg,tigerlily,89.0,0.4992821284336461,0.4745053837396527
image_0548.jpg,tigerlily,71.0,0.5765816017793033,0.5500646361441288
image_0549.jpg,tigerlily,4.0,0.3330859706699304,0.35145785148205677
image_0550.jpg,tigerlily,87.0,0.4382438638237955,0.4717519488900385
image_0551.jpg,tigerlily,212.0,0.6775378356141274,0.559211726263624
image_0552.jpg,tigerlily,64.0,0.36051381629051155,0.4877378634155565
image_0553.jpg,tigerlily,105.0,0.4828970901814161,0.4797496096981952
image_0554.jpg,tigerlily,101.0,0.554010888739349,0.6328420449235774
image_0555.jpg,tigerlily,102.0,0.5918247917865875,0.6136400612655084
image_0556.jpg,tigerlily,220.0,0.41507592298871465,0.6946405447884766
image_0557.jpg,tigerlily,1.0,0.8969984646064523,0.15279276438728806
image_0558.jpg,tigerlily,34.0,0.36242753285018936,0.7642101210023591
image_0559.jpg,tigerlily,81.0,0.5276924721523308,0.6229612095657528
image_0560.jpg,tigerlily,81.0,0.4910099224684583,0.46019546057762356
image_0561.jpg,tulip,54.0,0.5047551762235158,0.6005588171523494
image_0562.jpg,tulip,80.0,0.2988137538129009,0.8407801910859071
image_0563.jpg,tulip,69.0,0.4537345467647222,0.6814927923572522
image_0564.jpg,tulip,54.0,0.44186623394994007,0.5699981161532175
image_0565.jpg,tulip,53.0,0.39253713791936073,0.6090531462648467
image_0566.jpg,tulip,53.0,0.21742127113753842,0.5763595361645693
image_0567.jpg,tulip,30.0,0.5094004769760379,0.24658256429522465
image_0568.jpg,tulip,43.0,0.5549311764830466,0.5720937658664
image_0569.jpg,tulip,55.0,0.3497385805128165,0.4590131844595132
image_0570.jpg,tulip,53.0,0.43034390221719787,0.6431996602015524
image_0571.jpg,tulip,49.0,0.37222089071094594,0.569346726044576
image_0572.jpg,tulip,49.0,0.5165948485822924,0.42669709299105085
image_0573.jpg,tulip,48.0,0.5149729488497017,0.3813082736479237
image_0574.jpg,tulip,49.0,0.4845064793147291,0.45643752660480214
image_0575.jpg,tulip,57.0,0.30598033210161196,0.740423026490238
image_0576.jpg,tulip,56.0,0.26448261957932134,0.7782403910262373
image_0577.jpg,tulip,104.0,0.4838221189275806,0.3535470583294475
image_0578.jpg,tulip,95.0,0.4249401055682199,0.3786680332820838
image_0579.jpg,tulip,89.0,0.47724955565334665,0.43831696198824793
image_0580.jpg,tulip,42.0,0.43831955096034253,0.8296516818198938
image_0581.jpg,tulip,56.0,0.48219745443861983,0.5154488407675344
image_0582.jpg,tulip,53.0,0.3879941331662878,0.34483328134663344
image_0583.jpg,tulip,101.0,0.4630184043648707,0.7129458377039993
image_0584.jpg,tulip,107.0,0.44443645022320016,0.6549192014509478
image_0585.jpg,tulip,106.0,0.38454565699670545,0.6524363074725972
image_0586.jpg,tulip,102.0,0.3990891841687409,0.7013983372370515
image_0587.jpg,tulip,36.0,0.2512508621231349,0.5348322063126765
image_0588.jpg,tulip,54.0,0.3392105727638567,0.4495046132907331
image_0589.jpg,tulip,91.0,0.5226920583388385,0.5306900958765263
image_0590.jpg,tulip,54.0,0.44275687083388804,0.6208283559907728
image_0591.jpg,tulip,341.0,0.16239801400204723,0.46077115926712164
image_0592.jpg,tulip,81.0,0.39521232053215466,0.723094287509421
image_0593.jpg,tulip,43.0,0.31913467272641965,0.5094802442139267
image_0594.jpg,tulip,43.0,0.32505244160791985,0.4402539847650785
image_0595.jpg,tulip,50.0,0.5149004485073959,0.47398967467731706
image_0596.jpg,tulip,35.0,0.3635168903121753,0.38110748558645885
image_0597.jpg,tulip,45.0,0.21744562504013634,0.5737580339504196
image_0598.jpg,tulip,36.0,0.27441542737494357,0.6211859307922823
image_0599.jpg,tulip,70.0,0.4146538235977584,0.5205948993370656
image_0600.jpg,tulip,46.0,0.46063625304137945,0.46111678822603
image_0601.jpg,tulip,47.0,0.5158665534263083,0.15364909888213002
image_0602.jpg,tulip,71.0,0.26110613154745366,0.37320153197988765
image_0603.jpg,tulip,34.0,0.514055255476045,0.38136254536629066
image_0604.jpg,tulip,135.0,0.41991717134607376,0.18874129403726791
image_0605.jpg,tulip,110.0,0.5158424190466282,0.500840485826885
image_0606.jpg,tulip,22.0,0.5963745331225312,0.3156759900908774
image_0607.jpg,tulip,23.0,0.45481461597090006,0.3033550924978301
image_0608.jpg,tulip,288.0,0.5026007636480064,0.20811514228886524
image_0609.jpg,tulip,70.0,0.4937163044581497,0.3290329680810161
image_0610.jpg,tulip,44.0,0.5031326564192684,0.4756197441439244
image_0611.jpg,tulip,35.0,0.5130096881643096,0.3891066172602682
image_0612.jpg,tulip,17.0,0.21568293134195796,0.35090686627286755
image_0613.jpg,tulip,42.0,0.6152324221135483,0.19459590974826316
image_0614.jpg,tulip,53.0,0.3721024978990481,0.304988320904881
image_0615.jpg,tulip,122.0,0.5599657433900821,0.24403115134206313
image_0616.jpg,tulip,33.0,0.35519438390218083,0.27228987607714367
image_0617.jpg,tulip,144.0,0.3490804499566684,0.3658219424734482
image_0618.jpg,tulip,73.0,0.435366364845355,0.6561078891974781
image_0619.jpg,tulip,146.0,0.38461552435802365,0.5173079512769406
image_0620.jpg,tulip,53.0,0.35366182444827765,0.290537269033654
image_0621.jpg,tulip,81.0,0.42748668224146896,0.4452578437669213
image_0622.jpg,tulip,71.0,0.4666329672846625,0.5576270446749446
image_0623.jpg,tulip,85.0,0.461314275773744,0.3685307717530449
image_0624.jpg,tulip,53.0,0.38153468042528005,0.48065951345078134
image_0625.jpg,tulip,78.0,0.387901987254929,0.4329111280827866
image_0626.jpg,tulip,108.0,0.3483916485296615,0.2829632531206175
image_0627.jpg,tulip,62.0,0.47987814683949936,0.3419614407776946
image_0628.jpg,tulip,33.0,0.4723491714623517,0.4759988956478691
image_0629.jpg,tulip,84.0,0.510406430337167,0.14246554792437516
image_0630.jpg,tulip,75.0,0.4598930521176272,0.6565837727267863
image_0631.jpg,tulip,89.0,0.529793324900998,0.4691232214493624
image_0632.jpg,tulip,134.0,0.5325776095098828,0.41526990196597036
image_0633.jpg,tulip,83.0,0.42126526723049423,0.31338440064697903
image_0634.jpg,tulip,92.0,0.43600061734582113,0.4390362968982271
image_0635.jpg,tulip,211.0,0.24935550206433435,0.5240607595337756
image_0636.jpg,tulip,29.0,0.6383379132375486,0.46548769796726386
image_0637.jpg,tulip,37.0,0.40953187621105613,0.2898211001087638
image_0638.jpg,tulip,216.0,0.26556991433579574,0.278150626785962
image_0639.jpg,tulip,50.0,0.36825091739820925,0.2866655017789439
image_0640.jpg,tulip,205.0,0.5502337684360384,0.3018808334283255
image_0641.jpg,fritillary,92.0,0.3261620563794067,0.5405663917991661
image_0642.jpg,fritillary,83.0,0.5885403935755457,0.35260893990746384
image_0643.jpg,fritillary,343.0,0.5346495977525375,0.3308915881785365
image_0644.jpg,fritillary,95.0,0.5197461218551954,0.38180102050956277
image_0645.jpg,fritillary,71.0,0.5864449034039142,0.4123648837579828
image_0646.jpg,fritillary,89.0,0.4863246921913296,0.33388123476331455
image_0647.jpg,fritillary,77.0,0.41243245706078,0.3904092581302053
image_0648.jpg,fritillary,53.0,0.6144734185390003,0.4002622905394031
image_0649.jpg,fritillary,89.0,0.42166931328535084,0.2853861768602718
image_0650.jpg,fritillary,78.0,0.35580887744762596,0.25329406292237233
image_0651.jpg,fritillary,46.0,0.5089063727414455,0.43627278089476745
image_0652.jpg,fritillary,90.0,0.42216753156340664,0.2321130310313792
image_0653.jpg,fritillary,150.0,0.37344489534441966,0.26429363272627604
image_0654.jpg,fritillary,40.0,0.40786003622315253,0.3965164774945422
image_0655.jpg,fritillary,82.0,0.473224402272921,0.5090574611151665
image_0656.jpg,fritillary,82.0,0.4089098401993329,0.4808584319616596
image_0657.jpg,fritillary,97.0,0.5604897214084943,0.3730696269360547
image_0658.jpg,fritillary,105.0,0.4727106018383273,0.5230895566744602
image_0659.jpg,fritillary,344.0,0.6021000870169986,0.3983880285979773
image_0660.jpg,fritillary,70.0,0.6605858423963121,0.45223981877153147
image_0661.jpg,fritillary,340.0,0.624447521056353,0.4029803366735329
image_0662.jpg,fritillary,97.0,0.42940312327552677,0.35389369793586123
image_0663.jpg,fritillary,72.0,0.6545827608560145,0.5448560452400251
image_0664.jpg,fritillary,71.0,0.6019493359584434,0.5169677534743095
image_0665.jpg,fritillary,35.0,0.540906783164754,0.4040286069571396
image_0666.jpg,fritillary,87.0,0.5370921660094385,0.4469687679463749
image_0667.jpg,fritillary,43.0,0.49917083054611355,0.37530793656846245
image_0668.jpg,fritillary,56.0,0.4938902392748244,0.39427927182657013
image_0669.jpg,fritillary,330.0,0.3731100459710173,0.3454859776146771
image_0670.jpg,fritillary,83.0,0.5012925413292215,0.558344181036015
image_0671.jpg,fritillary,349.0,0.4458290991572694,0.4080708106729396
image_0672.jpg,fritillary,341.0,0.46636710649609586,0.3550113279961181
image_0673.jpg,fritillary,95.0,0.7212925600430922,0.469225614270104
image_0674.jpg,fritillary,25.0,0.4730954473960175,0.3214037769780031
image_0675.jpg,fritillary,98.0,0.6155188294518562,0.26823922092953506
image_0676.jpg,fritillary,319.0,0.4696791369662343,0.4009406250708969
image_0677.jpg,fritillary,154.0,0.6177352913618667,0.41295319034271966
image_0678.jpg,fritillary,46.0,0.5417836512480342,0.35466892404228495
image_0679.jpg,fritillary,88.0,0.4759381428365483,0.3353509190958935
image_0680.jpg,fritillary,96.0,0.5761467471606881,0.35124738308621245
image_0681.jpg,fritillary,84.0,0.578666548934118,0.36305246184361306
image_0682.jpg,fritillary,33.0,0.3599001678149165,0.40690069642539556
image_0683.jpg,fritillary,248.0,0.4145443173917534,0.46222130200177614
image_0684.jpg,fritillary,124.0,0.2237165422790724,0.4698567121024974
image_0685.jpg,fritillary,218.0,0.34208972606557,0.5037798113528227
image_0686.jpg,fritillary,61.0,0.3021835944231818,0.5290419103310728
image_0687.jpg,fritillary,88.0,0.5209729153768429,0.47690106680659267
image_0688.jpg,fritillary,59.0,0.43923698485327445,0.3697777097411736
image_0689.jpg,fritillary,331.0,0.3258786190723222,0.3186390582483211
image_0690.jpg,fritillary,62.0,0.5197614723923175,0.35321222035131117
image_0691.jpg,fritillary,83.0,0.47362938243059816,0.5680408657232074
image_0692.jpg,fritillary,68.0,0.3157270859222845,0.331694955588382
image_0693.jpg,fritillary,347.0,0.387252749629431,0.40298780549162266
image_0694.jpg,fritillary,78.0,0.510506989810981,0.4009907805109582
image_0695.jpg,fritillary,84.0,0.4077533664315842,0.37896210625499
image_0696.jpg,fritillary,59.0,0.3897308659709356,0.49251432068867756
image_0697.jpg,fritillary,52.0,0.4333506496323398,0.3763639165185822
image_0698.jpg,fritillary,26.0,0.46247757671315687,0.3303584005961127
image_0699.jpg,fritillary,68.0,0.3807647299762272,0.6176974516825228
image_0700.jpg,fritillary,96.0,0.4506107232624702,0.37080050937180337
image_0701.jpg,fritillary,259.0,0.6564587055264478,0.2217015169976695
image_0702.jpg,fritillary,318.0,0.5264073984776418,0.30941436843126585
image_0703.jpg,fritillary,95.0,0.7170915702556733,0.49896488011985357
image_0704.jpg,fritillary,94.0,0.5878215675585149,0.29444781370771134
image_0705.jpg,fritillary,319.0,0.4241165069258548,0.3688519691186298
image_0706.jpg,fritillary,112.0,0.4622677554727969,0.39468246012833985
image_0707.jpg,fritillary,83.0,0.5486415271762929,0.3351193156558751
image_0708.jpg,fritillary,80.0,0.555738528115737,0.3029085834315446
image_0709.jpg,fritillary,28.0,0.5007762434013788,0.2448464474604363
image_0710.jpg,fritillary,78.0,0.41098331247766895,0.3702446890195884
image_0711.jpg,fritillary,77.0,0.49121368483558414,0.3832044063237376
image_0712.jpg,fritillary,72.0,0.5058868673515463,0.4090660695567366
image_0713.jpg,fritillary,112.0,0.39109890103811223,0.49804994940921143
image_0714.jpg,fritillary,26.0,0.49432269704238,0.33037581876383293
image_0715.jpg,fritillary,69.0,0.4475369715969806,0.33951040969556806
image_0716.jpg,fritillary,101.0,0.363822485480563,0.4635415813774595
image_0717.jpg,fritillary,108.0,0.4589205953120954,0.5041599323462029
image_0718.jpg,fritillary,64.0,0.34142863698514714,0.5158789176554924
image_0719.jpg,fritillary,72.0,0.3538085768571756,0.2607205952390148
image_0720.jpg,fritillary,341.0,0.18530812767552002,0.42797677901221143
image_0721.jpg,sunflower,53.0,0.632681907265139,0.5581023468970603
image_0722.jpg,sunflower,51.0,0.5653007656877214,0.6341412639032508
image_0723.jpg,sunflower,52.0,0.474795181331811,0.5981037981139071
image_0724.jpg,sunflower,45.0,0.7460791503328992,0.5414323050116665
image_0725.jpg,sunflower,49.0,0.5191734942124169,0.4790606245824013
image_0726.jpg,sunflower,208.0,0.6812236829144875,0.6993071694296663
image_0727.jpg,sunflower,44.0,0.47751949961603585,0.8856141245383995
image_0728.jpg,sunflower,49.0,0.6202756181772412,0.5621390558562916
image_0729.jpg,sunflower,37.0,0.6149457473271326,0.6937853089472593
image_0730.jpg,sunflower,43.0,0.606588687468463,0.6085380499146209
image_0731.jpg,sunflower,46.0,0.5043835487728022,0.7303176403378485
image_0732.jpg,sunflower,85.0,0.412960251499463,0.755040875644485
image_0733.jpg,sunflower,31.0,0.5872568915561432,0.41051539896542294
image_0734.jpg,sunflower,39.0,0.6747198268733985,0.6757479692224595
image_0735.jpg,sunflower,43.0,0.6775957126886749,0.5923864059702292
image_0736.jpg,sunflower,44.0,0.64023593215598,0.7374438343934946
image_0737.jpg,sunflower,51.0,0.7471920365886483,0.7460260404665322
image_0738.jpg,sunflower,46.0,0.6777022257671073,0.7428221797849146
image_0739.jpg,sunflower,39.0,0.518450093660531,0.7390480782245493
image_0740.jpg,sunflower,47.0,0.675527256659275,0.6223657376043259
image_0741.jpg,sunflower,42.0,0.5468316865519104,0.6586933930330762
image_0742.jpg,sunflower,53.0,0.5883871481619568,0.7725702331025999
image_0743.jpg,sunflower,55.0,0.45034830531363784,0.5981445706186581
image_0744.jpg,sunflower,50.0,0.6210290696122516,0.45912961385788453
image_0745.jpg,sunflower,54.0,0.5356549782690659,0.7263686569564394
image_0746.jpg,sunflower,50.0,0.5858262543990871,0.6949173039023239
image_0747.jpg,sunflower,54.0,0.7704226001111024,0.6191012003417011
image_0748.jpg,sunflower,45.0,0.5789628751384512,0.6347677642054232
image_0749.jpg,sunflower,48.0,0.5087960084279378,0.7602332675875592
image_0750.jpg,sunflower,48.0,0.634266402768245,0.7198954925924426
image_0751.jpg,sunflower,37.0,0.606962542853945,0.651510677254992
image_0752.jpg,sunflower,50.0,0.5740137851916877,0.7846247195147077
image_0753.jpg,sunflower,33.0,0.6238616392933845,0.47540715198828865
image_0754.jpg,sunflower,44.0,0.4329070285432688,0.7153233710462554
image_0755.jpg,sunflower,44.0,0.5667953755882503,0.7953279555955904
image_0756.jpg,sunflower,35.0,0.537384035832742,0.5331230348153784
image_0757.jpg,sunflower,38.0,0.6138571167957323,0.7061439531590389
image_0758.jpg,sunflower,81.0,0.4199106235260017,0.692727059632647
image_0759.jpg,sunflower,59.0,0.44375648397173045,0.6803212338942995
image_0760.jpg,sunflower,48.0,0.5784840155577499,0.6608870164451902
image_0761.jpg,sunflower,50.0,0.574023624339781,0.7830454477292476
image_0762.jpg,sunflower,53.0,0.4871792664357779,0.7105922139569417
image_0763.jpg,sunflower,57.0,0.7023534489535374,0.6658581568934359
image_0764.jpg,sunflower,50.0,0.5541131307460004,0.6831083771582879
image_0765.jpg,sunflower,46.0,0.5044075323573122,0.7274444696378314
image_0766.jpg,sunflower,45.0,0.6935300793328315,0.613902104234159
image_0767.jpg,sunflower,48.0,0.6247803542261754,0.5045134731829094
image_0768.jpg,sunflower,52.0,0.7042121551464388,0.7541176907640826
image_0769.jpg,sunflower,47.0,0.6379625066952508,0.593626200246189
image_0770.jpg,sunflower,43.0,0.5387530757427057,0.8318660383367683
image_0771.jpg,sunflower,36.0,0.6266785510322628,0.6513488312849249
image_0772.jpg,sunflower,42.0,0.648639133331984,0.6175447281079975
image_0773.jpg,sunflower,210.0,0.6740246489914523,0.5400515487049947
image_0774.jpg,sunflower,95.0,0.44566716393354394,0.6980498631040858
image_0775.jpg,sunflower,50.0,0.7424556653558121,0.7467748894870189
image_0776.jpg,sunflower,50.0,0.6657996061548167,0.8338958879596151
image_0777.jpg,sunflower,35.0,0.5373613203127011,0.5330423585574253
image_0778.jpg,sunflower,43.0,0.5711770445086004,0.6663850047594057
image_0779.jpg,sunflower,97.0,0.4052485602970735,0.4646408857287884
image_0780.jpg,sunflower,82.0,0.5772021383648794,0.666293254689143
image_0781.jpg,sunflower,37.0,0.5980901688078576,0.42701412156423074
image_0782.jpg,sunflower,212.0,0.640739367541924,0.4551124747672939
image_0783.jpg,sunflower,90.0,0.4291692956898551,0.7162233375693658
image_0784.jpg,sunflower,214.0,0.7143767889560938,0.6103806775580207
image_0785.jpg,sunflower,78.0,0.41328299003359015,0.4450162971092415
image_0786.jpg,sunflower,47.0,0.6504222138961333,0.4566811597894418
image_0787.jpg,sunflower,56.0,0.48183995603151564,0.5756145046287579
image_0788.jpg,sunflower,50.0,0.6256519254739751,0.45647238608786567
image_0789.jpg,sunflower,33.0,0.5010021054669077,0.5452518201085751
image_0790.jpg,sunflower,43.0,0.4379880309727185,0.31331999201997024
image_0791.jpg,sunflower,229.0,0.557760068650942,0.6431282366645219
image_0792.jpg,sunflower,57.0,0.5586454905364128,0.669476025988925
image_0793.jpg,sunflower,42.0,0.5444995851495447,0.5181851015777391
image_0794.jpg,sunflower,89.0,0.6290708855456122,0.3714832751647552
image_0795.jpg,sunflower,223.0,0.573389654926355,0.541176297879355
image_0796.jpg,sunflower,42.0,0.5221378451761077,0.6242165757390836
image_0797.jpg,sunflower,219.0,0.780789100541589,0.5501995217176854
image_0798.jpg,sunflower,222.0,0.6074434278577501,0.5732815926014184
image_0799.jpg,sunflower,209.0,0.6582989677656969,0.5522789500257435
image_0800.jpg,sunflower,33.0,0.5434520599556454,0.46984602848560214
image_0801.jpg,daisy,90.0,0.46844698064647816,0.22467150554088872
image_0802.jpg,daisy,61.0,0.4006070673356541,0.38655708672823313
image_0803.jpg,daisy,70.0,0.46829989884397094,0.38036239602465577
image_0804.jpg,daisy,84.0,0.34317480848538073,0.4788204447115227
image_0805.jpg,daisy,1.0,0.27878438260360894,0.08673160236953913
image_0806.jpg,daisy,95.0,0.4049252938081495,0.48570695334710406
image_0807.jpg,daisy,226.0,0.7999852900269201,0.31632337718507564
image_0808.jpg,daisy,115.0,0.3583965701272914,0.4636761136663226
image_0809.jpg,daisy,98.0,0.5724084324563576,0.29807201586647064
image_0810.jpg,daisy,76.0,0.42701761871073907,0.3840794932443544
image_0811.jpg,daisy,348.0,0.48661773169183836,0.5304614531948824
image_0812.jpg,daisy,76.0,0.4124318831683243,0.6196195827933751
image_0813.jpg,daisy,272.0,0.4613462609906347,0.399708340134231
image_0814.jpg,daisy,94.0,0.4003191115537237,0.48664261799167874
image_0815.jpg,daisy,220.0,0.4768572080059676,0.28382986666758153
image_0816.jpg,daisy,35.0,0.39237047125941804,0.21380589899842847
image_0817.jpg,daisy,98.0,0.3429938977320468,0.28836937610221614
image_0818.jpg,daisy,34.0,0.5529550459430813,0.2999670522027454
image_0819.jpg,daisy,100.0,0.3691784152408297,0.5028184022019496
image_0820.jpg,daisy,152.0,0.291678786868623,0.47686500960815476
image_0821.jpg,daisy,103.0,0.32056414294736313,0.7112799409570371
image_0822.jpg,daisy,1.0,0.4636956553638988,0.27817518600177094
image_0823.jpg,daisy,85.0,0.3608891752777795,0.5799344180326936
image_0824.jpg,daisy,80.0,0.439848515470682,0.5166618797576887
image_0825.jpg,daisy,43.0,0.4734876044167661,0.41395301621978287
image_0826.jpg,daisy,42.0,0.48491791249418703,0.3173339876796211
image_0827.jpg,daisy,59.0,0.3041788539641939,0.405602390868381
image_0828.jpg,daisy,0.0,0.4118376913306845,0.1820961310778691
image_0829.jpg,daisy,74.0,0.5916243165917618,0.5171596307033802
image_0830.jpg,daisy,90.0,0.37624419176761237,0.5217337360065619
image_0831.jpg,daisy,206.0,0.498410844835742,0.2613895939640355
image_0832.jpg,daisy,235.0,0.3901163532453424,0.25867434359941627
image_0833.jpg,daisy,91.0,0.37949602340301397,0.5678566180149651
image_0834.jpg,daisy,82.0,0.5815524408524116,0.39239867474355633
image_0835.jpg,daisy,96.0,0.4429881903924589,0.500518714646454
image_0836.jpg,daisy,76.0,0.35981390465130036,0.3040111956756972
image_0837.jpg,daisy,72.0,0.4870870204754458,0.6393535753366018
image_0838.jpg,daisy,90.0,0.3942434375740083,0.5060479796013801
image_0839.jpg,daisy,83.0,0.449200351196859,0.5681409839896551
image_0840.jpg,daisy,79.0,0.48388156960834805,0.4629347129503745
image_0841.jpg,daisy,61.0,0.4006070673356541,0.3865405457099734
image_0842.jpg,daisy,93.0,0.33341422587762987,0.5249893828811687
image_0843.jpg,daisy,32.0,0.3431890454005311,0.36198910677324997
image_0844.jpg,daisy,81.0,0.31999947826067604,0.6461955546017842
image_0845.jpg,daisy,279.0,0.18121358752648245,0.33490464521775787
image_0846.jpg,daisy,49.0,0.3336010192292484,0.483733721926179
image_0847.jpg,daisy,103.0,0.320545785443975,0.7107709816979723
image_0848.jpg,daisy,0.0,0.41184005866395756,0.1818499625008695
image_0849.jpg,daisy,249.0,0.4294252085435928,0.4064112623290371
image_0850.jpg,daisy,85.0,0.3608942857462596,0.579569476826789
image_0851.jpg,daisy,102.0,0.3100761643636697,0.5241308839824517
image_0852.jpg,daisy,91.0,0.29387302254635894,0.6072442469441894
image_0853.jpg,daisy,235.0,0.39011497705330767,0.2584517395365255
image_0854.jpg,daisy,98.0,0.509855312861356,0.37497900378819043
image_0855.jpg,daisy,152.0,0.29169139465670174,0.4765890692923939
image_0856.jpg,daisy,348.0,0.4866209179203822,0.5302571477448773
image_0857.jpg,daisy,86.0,0.4852142462419964,0.549584968897207
image_0858.jpg,daisy,98.0,0.23440052999668193,0.35013418352099396
image_0859.jpg,daisy,212.0,0.3653072456381485,0.15079584590215617
image_0860.jpg,daisy,91.0,0.3794893248635698,0.5674550793930976
image_0861.jpg,daisy,86.0,0.6308003118334422,0.36122858645785316
image_0862.jpg,daisy,76.0,0.3598130189396242,0.30376248872146094
image_0863.jpg,daisy,76.0,0.44879244063395357,0.36608546485748084
image_0864.jpg,daisy,221.0,0.6353265911501725,0.4401428587459537
image_0865.jpg,daisy,80.0,0.37012598635649135,0.3009428190952273
image_0866.jpg,daisy,90.0,0.3942429478916831,0.505793002399652
image_0867.jpg,daisy,1.0,0.3594206008662497,0.08058239993445834
image_0868.jpg,daisy,72.0,0.3992862763695192,0.29009224240006465
image_0869.jpg,daisy,13.0,0.5026097829292665,0.28009949181172195
image_0870.jpg,daisy,72.0,0.47779840023588477,0.34870064022146235
image_0871.jpg,daisy,24.0,0.6714367035099443,0.34218280090837994
image_0872.jpg,daisy,94.0,0.4345593244973611,0.29275130305529445
image_0873.jpg,daisy,100.0,0.2893413323073086,0.5694471232900041
image_0874.jpg,daisy,163.0,0.2679919599574655,0.18701181870466582
image_0875.jpg,daisy,94.0,0.2273411208124045,0.49558761576592875
image_0876.jpg,daisy,71.0,0.382577971766717,0.3816052767284597
image_0877.jpg,daisy,100.0,0.5114711261634745,0.32442944731501433
image_0878.jpg,daisy,162.0,0.35907329061993454,0.49290833357397473
image_0879.jpg,daisy,152.0,0.44059383532907115,0.3018201500562633
image_0880.jpg,daisy,106.0,0.28967350174658696,0.6109592252728598
image_0881.jpg,coltsfoot,38.0,0.4829557325179669,0.8180376090036243
image_0882.jpg,coltsfoot,50.0,0.5358963924328226,0.40154896915626526
image_0883.jpg,coltsfoot,46.0,0.4405267498933291,0.3947207759586886
image_0884.jpg,coltsfoot,55.0,0.4569345530104525,0.3555429853794859
image_0885.jpg,coltsfoot,59.0,0.5160296680836434,0.6282555328949821
image_0886.jpg,coltsfoot,50.0,0.6013815515095148,0.7130955087789072
image_0887.jpg,coltsfoot,48.0,0.6098360558765848,0.5688229308637931
image_0888.jpg,coltsfoot,61.0,0.4982713391741476,0.5881482923217117
image_0889.jpg,coltsfoot,57.0,0.6321902150328679,0.5097810771733912
image_0890.jpg,coltsfoot,60.0,0.6320311714920342,0.7199770164788281
image_0891.jpg,coltsfoot,22.0,0.551446945186736,0.5537136958484177
image_0892.jpg,coltsfoot,54.0,0.43992473246095476,0.4391474931976726
image_0893.jpg,coltsfoot,32.0,0.4900924793580517,0.40444707360713283
image_0894.jpg,coltsfoot,44.0,0.30360842790669845,0.4454996201562628
image_0895.jpg,coltsfoot,49.0,0.5223367334516794,0.40391678248931295
image_0896.jpg,coltsfoot,48.0,0.3587181441956615,0.6011258777922376
image_0897.jpg,coltsfoot,62.0,0.518495426753634,0.679166238816017
image_0898.jpg,coltsfoot,55.0,0.6444042147672722,0.3370438717900129
image_0899.jpg,coltsfoot,48.0,0.4812361924054837,0.4579510450210697
image_0900.jpg,coltsfoot,59.0,0.37665988923028143,0.5305941754388303
image_0901.jpg,coltsfoot,55.0,0.31345673803671636,0.7583528931245156
image_0902.jpg,coltsfoot,50.0,0.43064897264557056,0.5189826397420433
image_0903.jpg,coltsfoot,53.0,0.4126391559806061,0.7629812456876301
image_0904.jpg,coltsfoot,48.0,0.5447090485402145,0.6806704183250978
image_0905.jpg,coltsfoot,53.0,0.3751328186545492,0.6344607321637923
image_0906.jpg,coltsfoot,53.0,0.5346520926600447,0.5555932726772764
image_0907.jpg,coltsfoot,55.0,0.6154124297445116,0.8163128072314376
image_0908.jpg,coltsfoot,55.0,0.5953576330006249,0.5106130537581178
image_0909.jpg,coltsfoot,48.0,0.5975016982329638,0.7574002119013598
image_0910.jpg,coltsfoot,43.0,0.4275772653104466,0.7132352355680771
image_0911.jpg,coltsfoot,55.0,0.6770253528016401,0.5379146804399199
image_0912.jpg,coltsfoot,44.0,0.37890530365278197,0.5718021267334177
image_0913.jpg,coltsfoot,54.0,0.49688527655659925,0.593026779866684
image_0914.jpg,coltsfoot,50.0,0.40231390872519773,0.696788078120111
image_0915.jpg,coltsfoot,58.0,0.5276113899289133,0.5993363152474179
image_0916.jpg,coltsfoot,34.0,0.5291293351895967,0.6905575652319014
image_0917.jpg,coltsfoot,57.0,0.7255483806506812,0.5352228544933562
image_0918.jpg,coltsfoot,47.0,0.4940294193771726,0.7730946159254137
image_0919.jpg,coltsfoot,47.0,0.4715184262585317,0.6716259779917548
image_0920.jpg,coltsfoot,23.0,0.5829130044982064,0.7220463352900373
image_0921.jpg,coltsfoot,50.0,0.5358896253805014,0.4014490762690155
image_0922.jpg,coltsfoot,45.0,0.42085300682676635,0.19091492851585187
image_0923.jpg,coltsfoot,55.0,0.6154386270994194,0.8146623567093737
image_0924.jpg,coltsfoot,214.0,0.831621147010915,0.28751567094118863
image_0925.jpg,coltsfoot,45.0,0.4685845146470935,0.7796762691210569
image_0926.jpg,coltsfoot,53.0,0.5346522502487521,0.5549731701093897
image_0927.jpg,coltsfoot,52.0,0.6075974749620345,0.5034779120331105
image_0928.jpg,coltsfoot,59.0,0.45762033706656724,0.4903952836915814
image_0929.jpg,coltsfoot,32.0,0.4900957442284409,0.40409457230570967
image_0930.jpg,coltsfoot,66.0,0.5079781083384519,0.3336404450519713
image_0931.jpg,coltsfoot,46.0,0.6741940629129218,0.6437171055315586
image_0932.jpg,coltsfoot,55.0,0.5953482573016795,0.5105972503639935
image_0933.jpg,coltsfoot,59.0,0.41816626577948646,0.5188338586567725
image_0934.jpg,coltsfoot,53.0,0.4670897405748793,0.3064643008451039
image_0935.jpg,coltsfoot,48.0,0.597515988739918,0.7556468705590366
image_0936.jpg,coltsfoot,56.0,0.5540914451803021,0.4367854015830088
image_0937.jpg,coltsfoot,43.0,0.42757933352959476,0.712517133133785
image_0938.jpg,coltsfoot,44.0,0.3705512490683036,0.6970545740522592
image_0939.jpg,coltsfoot,57.0,0.35937671128311427,0.39391086285706217
image_0940.jpg,coltsfoot,50.0,0.5635395103296426,0.5160020383253736
image_0941.jpg,coltsfoot,216.0,0.42694182582280726,0.2363463412581803
image_0942.jpg,coltsfoot,66.0,0.3385183600429279,0.18124188032457433
image_0943.jpg,coltsfoot,46.0,0.5353965866702055,0.18151660845663123
image_0944.jpg,coltsfoot,218.0,0.3709627169766716,0.2725783797578536
image_0945.jpg,coltsfoot,26.0,0.49977977008990987,0.4591471261252181
image_0946.jpg,coltsfoot,329.0,0.4229141025531551,0.29416734000052475
image_0947.jpg,coltsfoot,53.0,0.35452861029261096,0.4378667180115958
image_0948.jpg,coltsfoot,0.0,0.16136298071148963,0.27812655259148056
image_0949.jpg,coltsfoot,51.0,0.3469989742996234,0.6828280915779642
image_0950.jpg,coltsfoot,24.0,0.4128245573665518,0.34188341699101105
image_0951.jpg,coltsfoot,46.0,0.46108568476218603,0.4094178622455901
image_0952.jpg,coltsfoot,45.0,0.4882833097035886,0.4607161416857606
image_0953.jpg,coltsfoot,42.0,0.5165228708085151,0.3906174476156752
image_0954.jpg,coltsfoot,238.0,0.5517135382517399,0.1490681567312461
image_0955.jpg,coltsfoot,338.0,0.2472414243100219,0.33407972149462206
image_0956.jpg,coltsfoot,22.0,0.43776351316630924,0.3714573154703691
image_0957.jpg,coltsfoot,85.0,0.44764748066014454,0.305628943920835
image_0958.jpg,coltsfoot,26.0,0.5818455250187121,0.4815100980034885
image_0959.jpg,coltsfoot,37.0,0.48413485319461175,0.5459838186956752
image_0960.jpg,coltsfoot,60.0,0.438380838886091,0.5419213528209618
image_0961.jpg,dandelion,57.0,0.5591189762633266,0.6772601735851912
image_0962.jpg,dandelion,49.0,0.38549533314629564,0.789396205220353
image_0963.jpg,dandelion,56.0,0.4491563125470883,0.6902826478726443
image_0964.jpg,dandelion,51.0,0.43188388501182357,0.8011459852104917
image_0965.jpg,dandelion,78.0,0.3812412635173672,0.7256478752974527
image_0966.jpg,dandelion,56.0,0.4494896010963171,0.6794850369743994
image_0967.jpg,dandelion,58.0,0.4484659209165696,0.6801198617550934
image_0968.jpg,dandelion,82.0,0.4523886769937322,0.7844895840738441
image_0969.jpg,dandelion,60.0,0.44058955614120265,0.7681921090339545
image_0970.jpg,dandelion,94.0,0.5007893917274041,0.7261423381797417
image_0971.jpg,dandelion,60.0,0.5910813526665506,0.8102490479223339
image_0972.jpg,dandelion,73.0,0.4663643899414591,0.8929839792667329
image_0973.jpg,dandelion,51.0,0.6720188788524437,0.4310856436095792
image_0974.jpg,dandelion,52.0,0.5038268637301917,0.8884788358685154
image_0975.jpg,dandelion,56.0,0.4713879935329775,0.6320854621985702
image_0976.jpg,dandelion,51.0,0.6341712947504712,0.5466607619526939
image_0977.jpg,dandelion,45.0,0.46902882726346196,0.6446272805081638
image_0978.jpg,dandelion,37.0,0.5075391158788196,0.603500998637628
image_0979.jpg,dandelion,50.0,0.508657465075275,0.8129250734209448
image_0980.jpg,dandelion,102.0,0.44387435814169424,0.7080890391368913
image_0981.jpg,dandelion,56.0,0.6447750337860162,0.688204951690722
image_0982.jpg,dandelion,43.0,0.4589225919478956,0.44937936975415954
image_0983.jpg,dandelion,97.0,0.5310619870213714,0.8090469783718653
image_0984.jpg,dandelion,54.0,0.5806351609697166,0.669251968856462
image_0985.jpg,dandelion,55.0,0.682197843115084,0.7618287163694776
image_0986.jpg,dandelion,55.0,0.5311399033905893,0.7320550791389135
image_0987.jpg,dandelion,49.0,0.5483165682534867,0.8030570996570102
image_0988.jpg,dandelion,59.0,0.49056811445841086,0.540897500967115
image_0989.jpg,dandelion,54.0,0.4892090748417784,0.8026772258029125
image_0990.jpg,dandelion,48.0,0.4680848639313818,0.6555793518463766
image_0991.jpg,dandelion,50.0,0.5595698584645111,0.7630948121076238
image_0992.jpg,dandelion,239.0,0.46448283639527593,0.46110547165070326
image_0993.jpg,dandelion,52.0,0.5301674181015142,0.5288198128066001
image_0994.jpg,dandelion,51.0,0.4151085463547075,0.619221314067024
image_0995.jpg,dandelion,50.0,0.5666561790605465,0.7504956999464643
image_0996.jpg,dandelion,54.0,0.5196718360059165,0.7618668582662903
image_0997.jpg,dandelion,69.0,0.524350058729359,0.7237524503025283
image_0998.jpg,dandelion,55.0,0.5831557893642673,0.7711647422952682
image_0999.jpg,dandelion,77.0,0.364094126101153,0.708261519105407
image_1000.jpg,dandelion,80.0,0.4057995088869189,0.7645933626683378
image_1001.jpg,dandelion,62.0,0.5777388924152502,0.5516105156452409
image_1002.jpg,dandelion,49.0,0.3854988442072422,0.7890397298197271
image_1003.jpg,dandelion,51.0,0.4225365940651861,0.8493156330165901
image_1004.jpg,dandelion,58.0,0.42028867750103494,0.5283790731484528
image_1005.jpg,dandelion,46.0,0.6704149171217602,0.6405282193417513
image_1006.jpg,dandelion,0.0,0.281226765567127,0.4132260140879047
image_1007.jpg,dandelion,55.0,0.531145531049481,0.7311706615329348
image_1008.jpg,dandelion,59.0,0.4905651687845296,0.5408047137411033
image_1009.jpg,dandelion,60.0,0.594236051429201,0.7183542724672187
image_1010.jpg,dandelion,47.0,0.42131189640960404,0.5699309600044369
image_1011.jpg,dandelion,239.0,0.4644758075117533,0.46109350046700326
image_1012.jpg,dandelion,56.0,0.44937173263106034,0.6752709861680433
image_1013.jpg,dandelion,45.0,0.330060539973455,0.4421980407592501
image_1014.jpg,dandelion,67.0,0.398725639808068,0.5181369965713165
image_1015.jpg,dandelion,51.0,0.3637669479149111,0.5713848957230171
image_1016.jpg,dandelion,72.0,0.5308803528027319,0.7558106584953919
image_1017.jpg,dandelion,43.0,0.45892264245114484,0.44937888336166865
image_1018.jpg,dandelion,52.0,0.5301751916931864,0.5287803164714034
image_1019.jpg,dandelion,79.0,0.43792456945149505,0.728487563512098
image_1020.jpg,dandelion,50.0,0.5666498533711489,0.7490852770136914
image_1021.jpg,dandelion,81.0,0.4963191888004631,0.7922316298805702
image_1022.jpg,dandelion,69.0,0.5441116514394546,0.6737379235587383
image_1023.jpg,dandelion,44.0,0.42966415499679905,0.7603120573501855
image_1024.jpg,dandelion,92.0,0.4727367723570397,0.3391220130054599
image_1025.jpg,dandelion,61.0,0.7809255051130157,0.6300192353955812
image_1026.jpg,dandelion,41.0,0.5357474084562078,0.7388774515848713
image_1027.jpg,dandelion,71.0,0.6383750268422503,0.5061441209066855
image_1028.jpg,dandelion,96.0,0.5336607981769291,0.40236009858417804
image_1029.jpg,dandelion,61.0,0.27887146184322353,0.6541126193031478
image_1030.jpg,dandelion,103.0,0.514195655746495,0.5125236841657329
image_1031.jpg,dandelion,40.0,0.32148762452546614,0.6859944289471258
image_1032.jpg,dandelion,88.0,0.4296610883291804,0.7221741876513955
image_1033.jpg,dandelion,56.0,0.4987105430795736,0.47859522405579796
image_1034.jpg,dandelion,90.0,0.3566586752139942,0.431638594217427
image_1035.jpg,dandelion,53.0,0.3865401241254702,0.6011691633640776
image_1036.jpg,dandelion,152.0,0.34036802242566305,0.7972504519091428
image_1037.jpg,dandelion,97.0,0.3361620160894156,0.4950952093942759
image_1038.jpg,dandelion,45.0,0.5314004013241798,0.7771146414514534
image_1039.jpg,dandelion,26.0,0.5412825975108676,0.5482994624495819
image_1040.jpg,dandelion,125.0,0.4362723183596932,0.6005671526406167
image_1041.jpg,cowslip,54.0,0.49721358515961206,0.4386081457788538
image_1042.jpg,cowslip,55.0,0.569048132255576,0.5980450524275657
image_1043.jpg,cowslip,57.0,0.48356007024451014,0.5761545337621072
image_1044.jpg,cowslip,126.0,0.8583536519669718,0.28761421421673244
image_1045.jpg,cowslip,43.0,0.4687626551807629,0.5292590155215743
image_1046.jpg,cowslip,99.0,0.6546957089077792,0.4500780663069584
image_1047.jpg,cowslip,57.0,0.5604994803558323,0.6502795833051096
image_1048.jpg,cowslip,74.0,0.42552597785148544,0.5605219847084296
image_1049.jpg,cowslip,49.0,0.49996521932256754,0.5298092370329407
image_1050.jpg,cowslip,63.0,0.5165304612778169,0.6776973153966345
image_1051.jpg,cowslip,53.0,0.5248363392382925,0.3116843761869575
image_1052.jpg,cowslip,64.0,0.4133340726003927,0.6919009465081244
image_1053.jpg,cowslip,79.0,0.45357359628116384,0.6452125950972932
image_1054.jpg,cowslip,62.0,0.502413946494038,0.7767715459804023
image_1055.jpg,cowslip,68.0,0.38849458245475305,0.5798917101717165
image_1056.jpg,cowslip,208.0,0.6250934130548946,0.360912486618789
image_1057.jpg,cowslip,72.0,0.4182007035240529,0.4598226686443163
image_1058.jpg,cowslip,69.0,0.25835518686664904,0.752429196682875
image_1059.jpg,cowslip,103.0,0.4799249485668192,0.5426693082103174
image_1060.jpg,cowslip,135.0,0.4324738129487544,0.48433172248368456
image_1061.jpg,cowslip,57.0,0.48197368219836867,0.41364530853830206
image_1062.jpg,cowslip,69.0,0.4591804826408948,0.5509904516179515
image_1063.jpg,cowslip,103.0,0.46049050151166443,0.4605886473906917
image_1064.jpg,cowslip,52.0,0.5822203414037411,0.6572145510327576
image_1065.jpg,cowslip,180.0,0.4511953399135633,0.46582503999909713
image_1066.jpg,cowslip,76.0,0.35494242008768245,0.2666618691772976
image_1067.jpg,cowslip,150.0,0.3268234202957343,0.2802918739120576
image_1068.jpg,cowslip,66.0,0.3196565715267377,0.5246237833268801
image_1069.jpg,cowslip,82.0,0.392603356247765,0.5961610216564582
image_1070.jpg,cowslip,120.0,0.6435854895110485,0.15574137862993245
image_1071.jpg,cowslip,102.0,0.4721186152093208,0.4894860186354953
image_1072.jpg,cowslip,149.0,0.2782229237027625,0.7532266068761155
image_1073.jpg,cowslip,84.0,0.36621678798133295,0.6493198880919925
image_1074.jpg,cowslip,107.0,0.44059219447031506,0.41857119878718363
image_1075.jpg,cowslip,72.0,0.36856545350455505,0.5029221021472537
image_1076.jpg,cowslip,83.0,0.4025392653900672,0.5325495170722129
image_1077.jpg,cowslip,97.0,0.3713626339512193,0.38779885090456373
image_1078.jpg,cowslip,91.0,0.4720762840910147,0.27390615236547583
image_1079.jpg,cowslip,58.0,0.45962305267275344,0.4713772453924373
image_1080.jpg,cowslip,111.0,0.31298554778212684,0.5685611199703836
image_1081.jpg,cowslip,75.0,0.426875529513149,0.29321153636894803
image_1082.jpg,cowslip,69.0,0.3886569700687092,0.41229328232361473
image_1083.jpg,cowslip,78.0,0.4479556470748171,0.3615468902427625
image_1084.jpg,cowslip,34.0,0.44597672041247355,0.34102622078193284
image_1085.jpg,cowslip,87.0,0.45277390492270586,0.6551427093869254
image_1086.jpg,cowslip,71.0,0.4705031504460928,0.6094550314064555
image_1087.jpg,cowslip,132.0,0.36152003454701864,0.38898844848362474
image_1088.jpg,cowslip,41.0,0.38760320905243845,0.5936571535881694
image_1089.jpg,cowslip,233.0,0.41454729428133774,0.4175671024498121
image_1090.jpg,cowslip,77.0,0.41387957144277027,0.48121379199267067
image_1091.jpg,cowslip,105.0,0.4313953570420967,0.4148624147784121
image_1092.jpg,cowslip,84.0,0.5622149346898567,0.505799071095749
image_1093.jpg,cowslip,86.0,0.5353051158398682,0.5672695744629155
image_1094.jpg,cowslip,52.0,0.45325208303320297,0.5058741575095825
image_1095.jpg,cowslip,84.0,0.5165511916178505,0.3565414338750894
image_1096.jpg,cowslip,82.0,0.4789084212257971,0.49946004133552613
image_1097.jpg,cowslip,102.0,0.3088132090454789,0.6472131950711721
image_1098.jpg,cowslip,90.0,0.21501266031418495,0.6570095672735378
image_1099.jpg,cowslip,91.0,0.530000770715327,0.4821865418963493
image_1100.jpg,cowslip,98.0,0.45271435394598847,0.3971295091605918
image_1101.jpg,cowslip,71.0,0.4742609918545552,0.7261446408840234
image_1102.jpg,cowslip,82.0,0.4483901230033107,0.3666330723005372
image_1103.jpg,cowslip,129.0,0.376121357967015,0.43990138889193503
image_1104.jpg,cowslip,51.0,0.5745079390880495,0.8109044080238416
image_1105.jpg,cowslip,38.0,0.3805265312160249,0.4058825304418906
image_1106.jpg,cowslip,106.0,0.44373405485811757,0.3796510948894498
image_1107.jpg,cowslip,114.0,0.456821815533021,0.4959775275410493
image_1108.jpg,cowslip,64.0,0.39778074454490625,0.3451974985901333
image_1109.jpg,cowslip,92.0,0.4334603126991728,0.5064666294485379
image_1110.jpg,cowslip,55.0,0.4023872958846572,0.48921263504280804
image_1111.jpg,cowslip,221.0,0.3960396154731146,0.3966949072292958
image_1112.jpg,cowslip,59.0,0.2947586783688832,0.4411561588432457
image_1113.jpg,cowslip,108.0,0.2925983428455629,0.5826626365884116
image_1114.jpg,cowslip,100.0,0.48168056486478816,0.718045980602398
image_1115.jpg,cowslip,94.0,0.31884862962560256,0.7744778125636326
image_1116.jpg,cowslip,56.0,0.5675712872117715,0.5517625337414019
image_1117.jpg,cowslip,100.0,0.3339415056087593,0.6606448904668956
image_1118.jpg,cowslip,53.0,0.4424411634087764,0.2873035708622349
image_1119.jpg,cowslip,87.0,0.43097960707282024,0.4504694675615218
image_1120.jpg,cowslip,32.0,0.5272935821145188,0.5017899002541192
image_1121.jpg,buttercup,48.0,0.521302402740507,0.7636373511312265
image_1122.jpg,buttercup,50.0,0.6703453858180636,0.5145864105714294
image_1123.jpg,buttercup,97.0,0.5370284219252613,0.7183559109277564
image_1124.jpg,buttercup,55.0,0.4686935185648278,0.9511387222420047
image_1125.jpg,buttercup,54.0,0.42479631013820235,0.8712400472972174
image_1126.jpg,buttercup,50.0,0.294275049827778,0.5914965564929638
image_1127.jpg,buttercup,45.0,0.5460172463414137,0.833637209049434
image_1128.jpg,buttercup,58.0,0.5686327290178561,0.9185922833519526
image_1129.jpg,buttercup,94.0,0.3215685517081782,0.9020989986117568
image_1130.jpg,buttercup,45.0,0.6402564906348213,0.5696722577086015
image_1131.jpg,buttercup,57.0,0.5541673276390806,0.7905206115747616
image_1132.jpg,buttercup,52.0,0.4784570943800703,0.6239027143283894
image_1133.jpg,buttercup,61.0,0.32992612706729385,0.7211020544803343
image_1134.jpg,buttercup,61.0,0.3644653997270849,0.8831462689712766
image_1135.jpg,buttercup,61.0,0.3382431743117957,0.6906526566196968
image_1136.jpg,buttercup,63.0,0.3764785281084836,0.6332026829645523
image_1137.jpg,buttercup,59.0,0.47825653761787695,0.5362948311821413
image_1138.jpg,buttercup,44.0,0.5476740099716042,0.6315784195228752
image_1139.jpg,buttercup,59.0,0.5113872153567407,0.596563209533421
image_1140.jpg,buttercup,55.0,0.6908098434181253,0.8115784347904196
image_1141.jpg,buttercup,57.0,0.5822387009717311,0.7590266789961255
image_1142.jpg,buttercup,51.0,0.476065205341847,0.7467444680901545
image_1143.jpg,buttercup,60.0,0.6266954974567188,0.5667670892691963
image_1144.jpg,buttercup,55.0,0.5221335148417682,0.9035210406278342
image_1145.jpg,buttercup,50.0,0.39703815978128576,0.42621212129508734
image_1146.jpg,buttercup,226.0,0.7609945233188943,0.4548310672946994
image_1147.jpg,buttercup,46.0,0.5543118442715635,0.7142686850184324
image_1148.jpg,buttercup,48.0,0.626534017241988,0.7784489823280674
image_1149.jpg,buttercup,52.0,0.5349571375965743,0.40802089424275845
image_1150.jpg,buttercup,71.0,0.49872760961663115,0.6005850150299814
image_1151.jpg,buttercup,43.0,0.5211517964013559,0.8994623754375031
image_1152.jpg,buttercup,60.0,0.5574873798727696,0.3936550997275799
image_1153.jpg,buttercup,65.0,0.6031252722700039,0.9201064044647008
image_1154.jpg,buttercup,94.0,0.49809702562818337,0.8657815456197333
image_1155.jpg,buttercup,38.0,0.4034429509069891,0.7551193445783717
image_1156.jpg,buttercup,52.0,0.6820474803196218,0.6993201529436995
image_1157.jpg,buttercup,50.0,0.5325655127528541,0.7243683849988174
image_1158.jpg,buttercup,46.0,0.4531081271967125,0.751379479503145
image_1159.jpg,buttercup,64.0,0.6411342419755655,0.6803180721282176
image_1160.jpg,buttercup,56.0,0.7179219529522357,0.8447445490170973
image_1161.jpg,buttercup,162.0,0.4590162946754588,0.7264671672248011
image_1162.jpg,buttercup,238.0,0.6077519555854122,0.4189408801017093
image_1163.jpg,buttercup,70.0,0.38570949548933436,0.9431866342280909
image_1164.jpg,buttercup,121.0,0.2383942856995108,0.8951970119981397
image_1165.jpg,buttercup,226.0,0.7609031551901032,0.45419539358244526
image_1166.jpg,buttercup,27.0,0.2551253689511563,0.7084630853857565
image_1167.jpg,buttercup,97.0,0.38199020698807046,0.5819438725286216
image_1168.jpg,buttercup,71.0,0.49872739516887993,0.6005886903529597
image_1169.jpg,buttercup,49.0,0.5102969530559888,0.39990839200443784
image_1170.jpg,buttercup,43.0,0.5211552724109084,0.8990746206751145
image_1171.jpg,buttercup,60.0,0.5574863768675749,0.3936565188285648
image_1172.jpg,buttercup,43.0,0.5023442326727243,0.3592690872907945
image_1173.jpg,buttercup,94.0,0.4980233557832008,0.8652007213396473
image_1174.jpg,buttercup,81.0,0.4195046622355528,0.8250632237032094
image_1175.jpg,buttercup,57.0,0.5541683595043185,0.7905057504326785
image_1176.jpg,buttercup,51.0,0.47607130541460363,0.7463464445230154
image_1177.jpg,buttercup,97.0,0.5370318647376404,0.7182614088885221
image_1178.jpg,buttercup,45.0,0.45903449116274314,0.3751424299958801
image_1179.jpg,buttercup,242.0,0.6170981339542174,0.2235105029314358
image_1180.jpg,buttercup,75.0,0.4588726171643385,0.86666713938655
image_1181.jpg,buttercup,289.0,0.3766458194097526,0.38864452363023894
image_1182.jpg,buttercup,89.0,0.5365774504256015,0.6367291961125987
image_1183.jpg,buttercup,76.0,0.27614645573243596,0.8750327955047168
image_1184.jpg,buttercup,100.0,0.22075740564206434,0.6704132580292048
image_1185.jpg,buttercup,83.0,0.45383778709536804,0.7212531739440164
image_1186.jpg,buttercup,92.0,0.38587595743486297,0.6407343858817923
image_1187.jpg,buttercup,69.0,0.3775781966632228,0.7489495878349169
image_1188.jpg,buttercup,228.0,0.6516301880215246,0.4081755215506664
image_1189.jpg,buttercup,55.0,0.523170981572643,0.5965478847107615
image_1190.jpg,buttercup,119.0,0.4259476174571791,0.524966284657326
image_1191.jpg,buttercup,102.0,0.29730240797100504,0.5288797256257051
image_1192.jpg,buttercup,91.0,0.5657336980022142,0.5836794992130481
image_1193.jpg,buttercup,83.0,0.4196862594589367,0.4600128906826523
image_1194.jpg,buttercup,85.0,0.41528843906515295,0.5493791700650991
image_1195.jpg,buttercup,75.0,0.36076008106433743,0.6121435533202471
image_1196.jpg,buttercup,79.0,0.3156428570483764,0.7193415139693875
image_1197.jpg,buttercup,63.0,0.4022499959161079,0.5431456215193479
image_1198.jpg,buttercup,74.0,0.2566283783459455,0.8050138202833513
image_1199.jpg,buttercup,75.0,0.3326577614432846,0.6756294303343829
image_1200.jpg,buttercup,101.0,0.4478739098144412,0.521556738679401
image_1201.jpg,windflower,100.0,0.3416374924676702,0.4212484651119707
image_1202.jpg,windflower,76.0,0.5716000118765046,0.2056426995381268
image_1203.jpg,windflower,40.0,0.6237343984930509,0.4286247234647875
image_1204.jpg,windflower,82.0,0.43681681628840147,0.44269263415143906
image_1205.jpg,windflower,103.0,0.4094500111352727,0.36753114469656456
image_1206.jpg,windflower,97.0,0.4829296455001087,0.37267144759874343
image_1207.jpg,windflower,121.0,0.455171726434207,0.4282402051449472
image_1208.jpg,windflower,75.0,0.5804642640456139,0.3192723379854661
image_1209.jpg,windflower,96.0,0.3006515117662592,0.30546593246535764
image_1210.jpg,windflower,103.0,0.42506781596453397,0.3849064308594177
image_1211.jpg,windflower,54.0,0.5239365021527119,0.26646494850085567
image_1212.jpg,windflower,64.0,0.6026565324235086,0.5482559074785632
image_1213.jpg,windflower,24.0,0.42285311335271025,0.5080660397615667
image_1214.jpg,windflower,67.0,0.41040610573650177,0.23288650904892236
image_1215.jpg,windflower,38.0,0.41523292596329936,0.45437506604207817
image_1216.jpg,windflower,37.0,0.44090323851160673,0.4097389194571899
image_1217.jpg,windflower,74.0,0.38351476265719114,0.25878740050480603
image_1218.jpg,windflower,75.0,0.507428666087542,0.37817300648019914
image_1219.jpg,windflower,91.0,0.4562272001825311,0.34327516076674175
image_1220.jpg,windflower,27.0,0.3547781659419241,0.3911529409109979
image_1221.jpg,windflower,82.0,0.5187356860590447,0.4829917667494006
image_1222.jpg,windflower,54.0,0.5156740241975003,0.30538694839902936
image_1223.jpg,windflower,86.0,0.5278874181724462,0.37416618371893473
image_1224.jpg,windflower,87.0,0.5115507023264074,0.37260625489387084
image_1225.jpg,windflower,46.0,0.46864184904397166,0.4234422456732944
image_1226.jpg,windflower,23.0,0.6374035090865457,0.30918620552345155
image_1227.jpg,windflower,97.0,0.4509100519118097,0.6800063522700256
image_1228.jpg,windflower,81.0,0.4583936127467602,0.3561859114641213
image_1229.jpg,windflower,138.0,0.4180423779234822,0.3616757358275221
image_1230.jpg,windflower,84.0,0.4700933259074173,0.38391701529817357
image_1231.jpg,windflower,82.0,0.31747466706678823,0.3371512851978981
image_1232.jpg,windflower,79.0,0.5033044665175325,0.4005530830660972
image_1233.jpg,windflower,76.0,0.4714772737623558,0.2941206499312196
image_1234.jpg,windflower,84.0,0.4829040722300607,0.48374493002559094
image_1235.jpg,windflower,109.0,0.38319738153733446,0.3252682299220843
image_1236.jpg,windflower,105.0,0.2468144034865375,0.37708768227565487
image_1237.jpg,windflower,69.0,0.4265374996599139,0.5850368743506764
image_1238.jpg,windflower,83.0,0.5730838259731845,0.33610218497493893
image_1239.jpg,windflower,33.0,0.3416836643089599,0.386351528949401
image_1240.jpg,windflower,74.0,0.6195079350344352,0.2987912611686654
image_1241.jpg,windflower,43.0,0.4536303481569995,0.32279470629068374
image_1242.jpg,windflower,102.0,0.3503885200759822,0.419211435231136
image_1243.jpg,windflower,76.0,0.5008593986979021,0.23133181147429993
image_1244.jpg,windflower,89.0,0.44990398410900867,0.3797506742589178
image_1245.jpg,windflower,67.0,0.4104057508388894,0.23285681196641336
image_1246.jpg,windflower,65.0,0.33190185174443365,0.45565199266962475
image_1247.jpg,windflower,36.0,0.5561387964583171,0.48688366811316913
image_1248.jpg,windflower,23.0,0.637404707428433,0.3091813643539397
image_1249.jpg,windflower,103.0,0.3776389802441076,0.31323841346202985
image_1250.jpg,windflower,23.0,0.4775195095578096,0.3898434296751902
image_1251.jpg,windflower,44.0,0.5414098176374738,0.5020576365951109
image_1252.jpg,windflower,46.0,0.45721525326601253,0.421003722292312
image_1253.jpg,windflower,104.0,0.5415098702421258,0.2416123678606838
image_1254.jpg,windflower,76.0,0.4507164166393161,0.40513684669178274
image_1255.jpg,windflower,82.0,0.3643552908288368,0.3894854811979902
image_1256.jpg,windflower,104.0,0.41645693623162555,0.38574490027321634
image_1257.jpg,windflower,106.0,0.36125598080243243,0.25314735063175264
image_1258.jpg,windflower,139.0,0.22100624227348487,0.5057728130437993
image_1259.jpg,windflower,89.0,0.34085169680838023,0.4890147196986038
image_1260.jpg,windflower,135.0,0.4752438920536424,0.39435911352157144
image_1261.jpg,windflower,67.0,0.503519812676312,0.6350921933177078
image_1262.jpg,windflower,30.0,0.3794548426545783,0.5736925565970179
image_1263.jpg,windflower,76.0,0.38744037364303147,0.2970348802816784
image_1264.jpg,windflower,94.0,0.38825189271408367,0.2973826614899485
image_1265.jpg,windflower,35.0,0.4401410671042667,0.2703069133367625
image_1266.jpg,windflower,79.0,0.3838168465745977,0.6182196401042236
image_1267.jpg,windflower,86.0,0.39830562348152243,0.6240662183034056
image_1268.jpg,windflower,87.0,0.30148269292282287,0.49934593465330707
image_1269.jpg,windflower,18.0,0.47988810575412477,0.2653201085073038
image_1270.jpg,windflower,69.0,0.4572202424456713,0.45630236856051615
image_1271.jpg,windflower,67.0,0.4155953773794994,0.4823062269295576
image_1272.jpg,windflower,96.0,0.36181052863305685,0.6393388686138345
image_1273.jpg,windflower,93.0,0.42180959008544977,0.3624428616749325
image_1274.jpg,windflower,69.0,0.3803857796462274,0.5048873212224626
image_1275.jpg,windflower,34.0,0.46964876841249975,0.43761577677180763
image_1276.jpg,windflower,74.0,0.4142094200440481,0.5497160295959737
image_1277.jpg,windflower,80.0,0.3016747724094422,0.6833753173741631
image_1278.jpg,windflower,93.0,0.4181879984624765,0.47296976888249115
image_1279.jpg,windflower,95.0,0.49577191624049727,0.4500341069009539
image_1280.jpg,windflower,89.0,0.48470830551217636,0.5972158103843621
image_1281.jpg,pansy,280.0,0.568580563939443,0.5688199365395838
image_1282.jpg,pansy,52.0,0.47446528233531554,0.41320875731294937
image_1283.jpg,pansy,85.0,0.5207762373312467,0.608236799269186
image_1284.jpg,pansy,49.0,0.7847250138461666,0.3504569371278355
image_1285.jpg,pansy,51.0,0.4755888062747664,0.49397750308167343
image_1286.jpg,pansy,52.0,0.38906553824369616,0.5994776032982785
image_1287.jpg,pansy,9.0,0.3415414619314319,0.5338213309984805
image_1288.jpg,pansy,273.0,0.41904885588161084,0.49530858527046145
image_1289.jpg,pansy,34.0,0.6000102205369727,0.3634925600600329
image_1290.jpg,pansy,52.0,0.6368200610708916,0.41696043710816116
image_1291.jpg,pansy,53.0,0.5435804129718176,0.5816812199006446
image_1292.jpg,pansy,56.0,0.3473112823120576,0.48229258495249644
image_1293.jpg,pansy,77.0,0.6539698046980323,0.43975915674337934
image_1294.jpg,pansy,113.0,0.4579863806667708,0.45884914428597856
image_1295.jpg,pansy,79.0,0.5148013046554376,0.6416523896114157
image_1296.jpg,pansy,56.0,0.3077977447954931,0.6425530065535932
image_1297.jpg,pansy,82.0,0.5726366590897622,0.5589113977781442
image_1298.jpg,pansy,76.0,0.5881391765988241,0.5994833216348928
image_1299.jpg,pansy,41.0,0.4149577670275406,0.3419738519043121
image_1300.jpg,pansy,58.0,0.5878221558486788,0.4923995763938106
image_1301.jpg,pansy,107.0,0.48178086125765746,0.43899958658756444
image_1302.jpg,pansy,257.0,0.6108559799999018,0.39630808738396506
image_1303.jpg,pansy,73.0,0.793347347941733,0.37420520675037
image_1304.jpg,pansy,102.0,0.5962304210838151,0.5554024906476528
image_1305.jpg,pansy,47.0,0.5563250086258447,0.6262399735618172
image_1306.jpg,pansy,85.0,0.2611807043916903,0.575173302973696
image_1307.jpg,pansy,256.0,0.4657691870045758,0.5386152430078235
image_1308.jpg,pansy,0.0,0.24441049430453457,0.4305921455349481
image_1309.jpg,pansy,53.0,0.6363158655119495,0.46914257601530956
image_1310.jpg,pansy,289.0,0.518484945259658,0.6054462550730757
image_1311.jpg,pansy,271.0,0.6055970967099409,0.5131887174690518
image_1312.jpg,pansy,86.0,0.5266188021398609,0.37787636652229295
image_1313.jpg,pansy,96.0,0.4121700626507823,0.6580538452634781
image_1314.jpg,pansy,257.0,0.6166295085223263,0.30260148640197965
image_1315.jpg,pansy,88.0,0.5220211604354428,0.6240634731281037
image_1316.jpg,pansy,69.0,0.5287644987908516,0.24339749508274783
image_1317.jpg,pansy,83.0,0.6993348048288346,0.36779772605329925
image_1318.jpg,pansy,40.0,0.6011265859125983,0.4819562537033446
image_1319.jpg,pansy,33.0,0.44155542210982357,0.733088035654152
image_1320.jpg,pansy,280.0,0.37095082507057225,0.5642102244840481
image_1321.jpg,pansy,52.0,0.4703915304687032,0.37874309815943835
image_1322.jpg,pansy,39.0,0.5379566142003577,0.5905874437458161
image_1323.jpg,pansy,239.0,0.5117493007665508,0.7519583197259043
image_1324.jpg,pansy,74.0,0.7255746951137341,0.5315973483522515
image_1325.jpg,pansy,0.0,0.1835202628089224,0.482347076125326
image_1326.jpg,pansy,74.0,0.5189866651717473,0.5553155750017871
image_1327.jpg,pansy,271.0,0.6055987424483871,0.5130668102778555
image_1328.jpg,pansy,90.0,0.5076997434422904,0.5378945101822653
image_1329.jpg,pansy,102.0,0.5162135100926175,0.475822136788634
image_1330.jpg,pansy,344.0,0.49254223538109587,0.4476204275252742
image_1331.jpg,pansy,50.0,0.4751144282653494,0.4710128851400466
image_1332.jpg,pansy,66.0,0.5333464210742502,0.5487174769146309
image_1333.jpg,pansy,272.0,0.5525475795287396,0.43364113709731333
image_1334.jpg,pansy,36.0,0.5545191469762579,0.5229006186668775
image_1335.jpg,pansy,91.0,0.4770061179839893,0.6484447719271468
image_1336.jpg,pansy,118.0,0.332601334288636,0.4712319143685266
image_1337.jpg,pansy,270.0,0.39876850251590396,0.38179680903195146
image_1338.jpg,pansy,79.0,0.4883167217864649,0.531766660433262
image_1339.jpg,pansy,85.0,0.27076272124223333,0.7025948076314642
image_1340.jpg,pansy,51.0,0.48853454663213297,0.3699105643206049
image_1341.jpg,pansy,71.0,0.5573107253005302,0.543018342221086
image_1342.jpg,pansy,119.0,0.4654542667755518,0.30391101592665815
image_1343.jpg,pansy,285.0,0.7672164121242987,0.3248416013629049
image_1344.jpg,pansy,231.0,0.4596097741426948,0.44030972004731433
image_1345.jpg,pansy,277.0,0.5548952167161445,0.5439920934075914
image_1346.jpg,pansy,103.0,0.4324298017165239,0.4290317302364702
image_1347.jpg,pansy,73.0,0.44430717698629124,0.5196945560739933
image_1348.jpg,pansy,74.0,0.2742152317048705,0.716088046202537
image_1349.jpg,pansy,81.0,0.3657079283433866,0.4289252483254649
image_1350.jpg,pansy,66.0,0.4078830731022878,0.520319105757414
image_1351.jpg,pansy,70.0,0.6165167117173178,0.25249239096609577
image_1352.jpg,pansy,63.0,0.4520483971167466,0.34339105827003363
image_1353.jpg,pansy,76.0,0.36423740043502334,0.5397734049044639
image_1354.jpg,pansy,203.0,0.37274656733240213,0.2552862685947065
image_1355.jpg,pansy,78.0,0.519802517419547,0.4522028537637317
image_1356.jpg,pansy,302.0,0.3762298648263123,0.5202454794399273
image_1357.jpg,pansy,83.0,0.26659006181300854,0.6801179320466959
image_1358.jpg,pansy,58.0,0.5677586430796079,0.3311117301635971
image_1359.jpg,pansy,104.0,0.56597041762018,0.4249292384205574
image_1360.jpg,pansy,81.0,0.45333275600145495,0.46774160712531215
